date,daily_return,cumulative_return,rolling_vol_30d
2021-01-05,0.008585756302568035,0.00858575630256797,
2021-01-06,-0.00030598034127629864,0.008277148888648167,
2021-01-07,0.022665001931452395,0.03112975241564886,
2021-01-08,0.009388317937010098,0.04081032636563742,
2021-01-11,-0.009894433142129816,0.030512098177774227,
2021-01-12,0.0012543463733384517,0.03180471729080492,
2021-01-13,0.004550071614544844,0.03649950264670321,
2021-01-14,-0.008316583600157428,0.027879367881420425,
2021-01-15,-0.010052914381941192,0.017546184601144654,
2021-01-19,0.01064240438204472,0.02837532257507691,
2021-01-20,0.016897070634376548,0.04575185303927776,
2021-01-21,0.005631107541107124,0.051640594185053956,
2021-01-22,-0.0007512718060077297,0.05085052625658948,
2021-01-25,0.00635821479885784,0.057532059624021636,
2021-01-26,-0.0006286432802099734,0.0568672492011324,
2021-01-27,-0.026797935714894257,0.028545388597863264,
2021-01-28,0.007005994334327317,0.03575137176297827,
2021-01-29,-0.022827030187470527,0.012108243933030671,
2021-02-01,0.01942223977427903,0.03176565292422229,
2021-02-02,0.016723711303563656,0.04902060383665985,
2021-02-03,0.004830486273118032,0.05408788346371085,
2021-02-04,0.008137360972816261,0.06266537706852704,
2021-02-05,0.0034797597092922163,0.06636319723210993,
2021-02-08,0.012165880150739064,0.07933644408679474,
2021-02-09,-0.0032727238958984227,0.07580407391451782,
2021-02-10,0.001622400657408576,0.07754945915127953,
2021-02-11,0.0032317750501904053,0.08103185660871093,
2021-02-12,-0.00023841421086182052,0.08077412325170119,
2021-02-16,0.001740081540174751,0.08265475835267,
2021-02-17,0.00019200163076827238,0.0828626298318329,0.1728595299328429
2021-02-18,-0.0034500380599253944,0.07912671254524217,0.17282694307645743
2021-02-19,-0.00565939795467257,0.0730195050354312,0.1742228259563433
2021-02-22,-0.01083896234379198,0.06138908702619772,0.1668189996662096
2021-02-23,0.0008477448201260464,0.06228887412686257,0.16492092122203572
2021-02-24,0.011555865908508448,0.07456454191237305,0.16462650322795738
2021-02-25,-0.029703507117320366,0.04264620639365879,0.1877679503374666
2021-02-26,-0.002507990409949806,0.0400312597070529,0.1875319313400959
2021-03-01,0.025370133645037624,0.06641699176083771,0.19931233402096699
2021-03-02,-0.013076736512858955,0.052471737746745406,0.20099514740701027
2021-03-03,-0.017052184643415062,0.03452479534271191,0.20566634773900513
2021-03-04,-0.010475972654987084,0.02368714187579557,0.20171164901484914
2021-03-05,0.014618927678438481,0.038652350168225214,0.20577777127513147
2021-03-08,-0.013766376261319524,0.024353871111105763,0.20943278396623452
2021-03-09,0.030020144820180967,0.05510512266897405,0.22692509954857595
2021-03-10,0.004007499348019875,0.05933345576016236,0.22720717757163905
2021-03-11,0.015554968175762417,0.0758113539520322,0.2164153406538756
2021-03-12,-0.0007448106067533011,0.07501007824474315,0.21589461574825253
2021-03-15,0.0058977343349731655,0.08135020209364918,0.20367062269489533
2021-03-16,-1.5202881508838195e-05,0.08133376245465729,0.19714756070324255
2021-03-17,0.0037168641641227773,0.08535293316578096,0.1920378583658659
2021-03-18,-0.02107552179409091,0.06247855376856504,0.20219846708380462
2021-03-19,-0.0004610817292655521,0.06198866431968586,0.2008493600397317
2021-03-22,0.009152517550052013,0.07170853420782808,0.2023568958403421
2021-03-23,-0.0026250310438971566,0.0688952660355231,0.19930305184980035
2021-03-24,-0.009365216374069667,0.05888483058788174,0.20088251789003647
2021-03-25,0.0018054482744094913,0.060796592378064895,0.20089963464599572
2021-03-26,0.011688613672273807,0.07319583393123663,0.20371985677447565
2021-03-29,0.002723362822069477,0.07611853556616488,0.20389109943819117
2021-03-30,-0.0024084420248308845,0.07352676646140788,0.20392660509193333
2021-03-31,0.010119106915651073,0.08438989858804402,0.20611142237367197
2021-04-01,0.01334312761312082,0.09885905138728357,0.20929983580181624
2021-04-05,0.016930603166942587,0.11746339792272464,0.21354380419315072
2021-04-06,-0.0031954179226687555,0.11389263535307603,0.21085641237665145
2021-04-07,0.006128860893891474,0.12071952836588506,0.2112270154570579
2021-04-08,0.0052896249912283595,0.12664771439128697,0.20950437725860735
2021-04-09,0.006908453904723814,0.13443110819302162,0.18759915618835268
2021-04-12,0.005044793497764443,0.14015407887129538,0.1869890756478085
2021-04-13,0.009579183936661847,0.15107582450893875,0.1759472994164069
2021-04-14,-0.007492384551935103,0.14245152178328202,0.17232840169353508
2021-04-15,0.014265917684690033,0.15874964115179124,0.1647221628633201
2021-04-16,0.0015431795440342354,0.16053779989467354,0.15923779717469083
2021-04-19,-0.007852966388495355,0.15142413555952228,0.15982794612919096
2021-04-20,-0.006521858042204541,0.14391471080103502,0.15431492754784204
2021-04-21,0.007607465205532559,0.15261700216155072,0.1333904181194895
2021-04-22,-0.01426430230469354,0.13617572480118878,0.14238228325299046
2021-04-23,0.01258896232568357,0.15047899819606725,0.1402400398586128
2021-04-26,0.0025815171985731486,0.1534489795165077,0.13994827064443813
2021-04-27,-0.0030443788209332284,0.1499374438722405,0.14039851619538696
2021-04-28,0.0016151560073255121,0.15179477224275928,0.1402655524619315
2021-04-29,0.009081717392009562,0.16225504685786185,0.14164329059887046
2021-04-30,-0.0061501243747415614,0.15510703376451485,0.12595493042908737
2021-05-03,-0.0010554149383898378,0.1538879165456406,0.12610118129141792
2021-05-04,-0.008929834733757136,0.14358388814960854,0.12904249243214855
2021-05-05,0.00014196172285936125,0.14374623328860436,0.1283913774990714
2021-05-06,0.008257982100754258,0.15319126921090676,0.12459284354564452
2021-05-07,0.007365290337466168,0.16168485772327612,0.12521753876337904
2021-05-10,-0.016556445201170767,0.14245148603535096,0.13470957654851493
2021-05-11,-0.009457436717491087,0.13164682340336786,0.13880050780725114
2021-05-12,-0.021569338518173845,0.10723794998636449,0.15402217408669008
2021-05-13,0.007311412050201455,0.11533342287633497,0.15279993569122358
2021-05-14,0.017363000491595747,0.1346989576460298,0.15603543713163687
2021-05-17,-0.0024796309459973517,0.13188532299625977,0.14892068694639193
2021-05-18,-0.009687797750287847,0.1209198469105528,0.15147619738849286
2021-05-19,-0.003631009053134376,0.11684977679858255,0.15082654301522253
2021-05-20,0.013505751441107064,0.13193367228108,0.1551812331552353
2021-05-21,0.0006136464404545404,0.13262827934990584,0.15388441060616545
2021-05-24,0.016086142592625627,0.15084789935596854,0.1602309695983307
2021-05-25,-0.0011935741918578323,0.1494742770045434,0.15786973969834492
2021-05-26,0.002609175245717845,0.15247345683369296,0.1564110128967368
2021-05-27,-0.001152731073200821,0.15114496486896156,0.15076210637730875
2021-05-28,0.0025475004707774364,0.15407750720889823,0.1508896600631965
2021-06-01,0.0004523423580846903,0.1545995453499216,0.1491111996355949
2021-06-02,0.0030454929471961127,0.15811587012212058,0.14797384005594638
2021-06-03,-0.005486210641535452,0.15176220251132544,0.1473377796325998
2021-06-04,0.01302546408006697,0.1667644397089154,0.14557089508112508
2021-06-07,0.0008216086338778945,0.16772306344628207,0.14131167865299427
2021-06-08,-0.0002171323533716981,0.16746951298942947,0.14119211330738007
2021-06-09,-0.0022444950353107933,0.16484913346364793,0.14103947800494746
2021-06-10,0.0040520995298037295,0.1695692180896482,0.14138817073203172
2021-06-11,0.0012877092497373204,0.17107528318999043,0.1390866220978651
2021-06-14,0.004921662522262448,0.17683892052201444,0.13833201670805964
2021-06-15,-0.004395236869290395,0.1716664347093202,0.13902845365367367
2021-06-16,-0.0027139619442169975,0.16848657659420274,0.13649070400979885
2021-06-17,0.006250372850457466,0.17579005336867115,0.13739779259092788
2021-06-18,-0.011239881903643476,0.16257431202532868,0.13999211278805485
2021-06-21,0.010691988712213166,0.17500454344661254,0.14177019469784
2021-06-22,0.008810795515653974,0.1853572682088851,0.13424015677905204
2021-06-23,0.0037548191561772343,0.18980807038646974,0.13047927226169148
2021-06-24,0.006497009006780681,0.19753826413611097,0.11085683782621343
2021-06-25,-0.000272806271522725,0.19721156818726615,0.11025745171373992
2021-06-28,0.00911760281876608,0.20812726775602974,0.10286787667465742
2021-06-29,-0.0015985581704161729,0.20619600604125576,0.10255731709029138
2021-06-30,0.0011958682855602214,0.20763845759104993,0.09630897643349334
2021-07-01,0.005581348499505322,0.21437870868427056,0.09489968197062172
2021-07-02,0.009687036153479517,0.22614243913931098,0.09175359035481935
2021-07-06,-0.001348704290525953,0.2244887355708478,0.09231301836716467
2021-07-07,-6.429607053011211e-05,0.2244100057567422,0.08326309233279428
2021-07-08,-0.007782693447336336,0.21488079802808624,0.08759222253084716
2021-07-09,0.010095724930680974,0.2271459003885441,0.09077739963002611
2021-07-12,0.00877629589228638,0.23791569591336015,0.09222540806336176
2021-07-13,-0.0035582272182721904,0.23351091059023488,0.09384797490544286
2021-07-14,-0.0020238188660370096,0.23101450793792,0.0945293300539875
2021-07-15,-0.005496875400981736,0.22424777457098433,0.09703937360527229
2021-07-16,-0.012236741421342501,0.20926697111790515,0.10325961711739001
2021-07-19,-0.012880965649124993,0.193690444802314,0.10571952104782491
2021-07-20,0.011362244295594333,0.20725344724947448,0.11007774031904334
2021-07-21,0.010105223092343754,0.2194530126629315,0.11300363361657613
2021-07-22,0.0024560342567749413,0.22244803103655908,0.11247820618195191
2021-07-23,0.01015507585755443,0.23486208352365323,0.11498110196502773
2021-07-26,0.004654095459519847,0.24060924953971385,0.11525477811010379
2021-07-27,-0.006678868351368815,0.2323233836865477,0.11753705646648813
2021-07-28,0.00168575386204841,0.23440077758988997,0.1161716697675506
2021-07-29,0.004502642603686688,0.23995884312109017,0.11563496382669489
2021-07-30,-0.008722922375774074,0.22914277838339014,0.11895536456109133
2021-08-02,0.0009218377731096311,0.2302758486250489,0.11268758054918482
2021-08-03,0.006881011542768869,0.23874139094022762,0.11063014170417823
2021-08-04,-0.0016710853054821004,0.23667134840453485,0.10900555998128544
2021-08-05,0.008106760977759786,0.24669674743409442,0.11052896046695748
2021-08-06,-0.00038985403606170974,0.2462107176753623,0.10966641104421206
2021-08-09,-0.00023515494217571113,0.24591766506610857,0.10966161799473775
2021-08-10,0.0002948657886038734,0.24628504356095382,0.10718671251588101
2021-08-11,0.0014621616555972423,0.24810731376359296,0.10689393412155204
2021-08-12,0.005737903252254836,0.25526883277840007,0.1077141974004924
2021-08-13,0.0014825149395686985,0.2571297875761691,0.10695505088786286
2021-08-16,-0.0007032843606930269,0.2562456678572054,0.10396790022588413
2021-08-17,-0.011764643001928294,0.24146638605214643,0.11006801413599653
2021-08-18,-0.009338279683695513,0.22987322572128477,0.1136905084021368
2021-08-19,0.001982467060879594,0.23231140888033508,0.11124895119122775
2021-08-20,0.012610693025738801,0.24785170976984072,0.11335311682060432
2021-08-23,0.015001501084441548,0.2665713585471752,0.11857880927666765
2021-08-24,0.0011773893728235026,0.26806260620465117,0.11786195557681854
2021-08-25,0.003031206420267904,0.2719063657178804,0.11766482970580981
2021-08-26,-0.006703276900483033,0.26338042515698645,0.11830424672228074
2021-08-27,0.010780186899782388,0.27699990226570526,0.11454524645154236
2021-08-30,0.007128859642752378,0.28610345533276593,0.10659925230341223
2021-08-31,-0.0029397723704756,0.2823226039292055,0.1043139620418173
2021-09-01,0.0012482524208459523,0.28392326622386554,0.10147864287936263
2021-09-02,0.0011183340608361325,0.28535912134398367,0.10147050850661102
2021-09-03,0.0021070247852554135,0.28806740487060956,0.09826941303898121
2021-09-07,0.002152585689389671,0.2908400803333031,0.09782169575844137
2021-09-08,-0.002555585604007266,0.28754122800692783,0.09558821189684716
2021-09-09,-0.0044288929562725475,0.28183884573129747,0.09710444300063548
2021-09-10,-0.00874677056037974,0.2706268954523039,0.10080102817577512
2021-09-13,0.005170065524499487,0.2771961197589836,0.09733756476626253
2021-09-14,-0.0047218440845287,0.2711653988161167,0.09888871410889945
2021-09-15,0.008641931327944866,0.28215072289914533,0.09990827563941428
2021-09-16,-0.002063810704605952,0.2795046065123079,0.10001167856230468
2021-09-17,-0.01033237223630157,0.2662842886397603,0.10310442875338525
2021-09-20,-0.022741406354561875,0.23748720307140614,0.12324105708246749
2021-09-21,0.0010397315945129186,0.23877385761424508,0.12329371733296457
2021-09-22,0.010730264911500847,0.2520662292718878,0.12727533749256986
2021-09-23,0.012497469369875993,0.26771388862126955,0.13216203946294924
2021-09-24,0.0034485213488724504,0.27208562703044215,0.1315467454356987
2021-09-27,-0.00025345163887632003,0.2717632148434803,0.13152765136898797
2021-09-28,-0.020673420050391064,0.2454715196983852,0.14504840580998649
2021-09-29,0.0002409247265197942,0.24577158458365678,0.14087772650960917
2021-09-30,-0.010032740546724673,0.233273081495047,0.14129807158168198
2021-10-01,0.01273934379328987,0.2489841712712224,0.1458881011677143
2021-10-04,-0.016072743195810417,0.22890956943074792,0.1488345449776955
2021-10-05,0.012212061109637606,0.24391708819085478,0.14651685072430506
2021-10-06,0.006247748285901231,0.25168876904640225,0.14777091244956586
2021-10-07,0.0097790086893974,0.26392904439532816,0.15039964775854775
2021-10-08,-0.0007160801109458961,0.26302396994498967,0.14913400811746014
2021-10-11,-0.007663536975538862,0.2533447390503243,0.14715174849511103
2021-10-12,-0.0032507465670705963,0.2492704329425004,0.14549149389174898
2021-10-13,0.00264093598582106,0.2525696761848806,0.1457196022755757
2021-10-14,0.019244542612689475,0.27667480669358313,0.15677034613739438
2021-10-15,0.01206974629696228,0.2920839477140982,0.16069894415675
2021-10-18,0.005941857249865319,0.2997613260862577,0.16147199000838133
2021-10-19,0.006675323401303732,0.3084376532823909,0.1624395280651997
2021-10-20,0.0025773980434029018,0.3118100179298757,0.16228105608599303
2021-10-21,0.005004409543714192,0.318374852503144,0.16200665999353006
2021-10-22,-0.0029274771248332145,0.31451534028048567,0.1598315166329584
2021-10-25,0.012713081538603333,0.3312268809852166,0.16293216651359757
2021-10-26,0.008886573485025407,0.34305692648833297,0.163238448437828
2021-10-27,-0.0015919019005747794,0.34091891161447596,0.16225005938509138
2021-10-28,0.0114400747620973,0.3562591242132558,0.1643464850434778
2021-10-29,0.006356423220877808,0.3648800812039321,0.16054173571569832
2021-11-01,0.0037872809786912297,0.37004926557367024,0.141505354438301
2021-11-02,0.0017195071065948034,0.372405075022209,0.1414189985873618
2021-11-03,0.006239585777848967,0.3809683142097653,0.14000444664786874
2021-11-04,0.014880087410570234,0.40151724343643447,0.14152524819592727
2021-11-05,0.005022397779172342,0.4085562205273414,0.14160451431786716
2021-11-08,0.0021696950307728783,0.4116123579595836,0.14122878069416694
2021-11-09,-0.00921820011063185,0.39859983276527133,0.1274006333162048
2021-11-10,-0.008721346337997255,0.3864021592354603,0.1321974061080111
2021-11-11,-0.0007991344744626393,0.38529423747454583,0.12650621609204124
2021-11-12,0.005351415414662242,0.3927075224108101,0.12381039035724949
2021-11-15,-0.0012089966892697384,0.39102374362709424,0.10993513073410083
2021-11-16,0.0056201444498215035,0.39884149799940993,0.10737089449584684
2021-11-17,-0.0030781412462198483,0.3945356662874939,0.10902026714418474
2021-11-18,0.012430236166729407,0.41187007396237485,0.11057902003270256
2021-11-19,0.00306388770108768,0.41619588531752205,0.10980132216862167
2021-11-22,-0.004528086712394397,0.4097832275470683,0.10729278983380103
2021-11-23,0.0017507336589940535,0.41225138249542037,0.10533722602225995
2021-11-24,0.006102387500679127,0.42086948767977717,0.10539343609937478
2021-11-26,-0.02653792338948306,0.38316256206927735,0.12949836578158988
2021-11-29,0.01854207611963937,0.40880926758100133,0.13481449374670992
2021-11-30,-0.015019961341861222,0.38764900684387893,0.14410340240724367
2021-12-01,-0.012034488989552701,0.3709493601496525,0.14919336973971412
2021-12-02,0.011133701017005039,0.3862131004350129,0.15172017300613683
2021-12-03,-0.013857774568357892,0.3670032717854801,0.15806637558096295
2021-12-06,0.012737239667210451,0.38441512008407264,0.16095722422647976
2021-12-07,0.02472667563860839,0.4186471037075765,0.17147189319986328
2021-12-08,0.003286944249578089,0.42331011764728865,0.1703326591404923
2021-12-09,-0.00829161961030073,0.4115085715642648,0.17264869969517063
2021-12-10,0.006646792547711554,0.42089057621876913,0.17086519585988855
2021-12-13,-0.01576533936169614,0.39848975408884435,0.17742734818700243
2021-12-14,-0.004338128823882763,0.39242292537672685,0.17782948125390582
2021-12-15,0.019446663172851163,0.41950090500068415,0.1860314373581676
2021-12-16,-0.015850562801885525,0.3970010167586373,0.19175178721267255
2021-12-17,-0.012703897683175336,0.37925365877844364,0.1903812967451701
2021-12-20,-0.011770275310642349,0.36301946349141057,0.1923865459454598
2021-12-21,0.021003608043136997,0.3916477900577511,0.20257717038517561
2021-12-22,0.01375212635618506,0.41078590630993106,0.2048115550610616
2021-12-23,0.007893339472321742,0.4219217183912025,0.20406258438352515
2021-12-27,0.015196072224606448,0.4435293435216119,0.2081148601516051
2021-12-28,-0.0011663809370752512,0.44184563841321967,0.207912144370517
2021-12-29,-0.0012020059851582418,0.4401125313261727,0.20791143000453713
2021-12-30,-0.004182519065540464,0.43408923320737713,0.2080578105222178
2021-12-31,-0.004479428661123743,0.42766533279353913,0.2083308449451167
2022-01-03,0.01924211401552432,0.455136631903164,0.21251009286970043
2022-01-04,-0.0027151526452851137,0.4511857138278008,0.21270437084677377
2022-01-05,-0.021775939982300034,0.4195847808203155,0.22219208329803564
2022-01-06,-0.0017423734057612967,0.41711133405099066,0.22222804150659872
2022-01-07,-0.005529346712631699,0.40927563415462265,0.222104665038602
2022-01-10,-0.0013777238659953858,0.407334041479682,0.20765810606616517
2022-01-11,0.009430441454624875,0.4206058227649567,0.20245394362351019
2022-01-12,0.005830009702828976,0.42888796849557176,0.1976550003336964
2022-01-13,-0.01966295033731411,0.40079181533345776,0.20320241240637138
2022-01-14,0.0010870575566951793,0.4023145566616728,0.20083394447895483
2022-01-18,-0.018810670479676356,0.3759360796274567,0.2043843768018247
2022-01-19,-0.00940855032134201,0.36299051578333175,0.20274297936869626
2022-01-20,-0.01122304046784201,0.3476936180674104,0.1903586392159484
2022-01-21,-0.024384673490362562,0.31483054922579123,0.20074690645274776
2022-01-24,0.000578781092818699,0.31559154828794345,0.2001922585698237
2022-01-25,-0.01371594597236133,0.2975469656899308,0.20101181917339037
2022-01-26,0.003994028688769784,0.30272940549592264,0.19819880552002547
2022-01-27,-0.009096340911330434,0.29087933470831695,0.1991045764796496
2022-01-28,0.025026623393070865,0.3231856856639599,0.20500516185293632
2022-01-31,0.02821024086892156,0.3605130725708494,0.2189215374095746
2022-02-01,0.008085741874918983,0.37151383009311023,0.2173766866788324
2022-02-02,0.010158177264030325,0.38544591069926515,0.21643281043233717
2022-02-03,-0.036189980115698045,0.3353066507396836,0.23253647862247445
2022-02-04,0.01504765597196495,0.35539988583709126,0.23329295000038297
2022-02-07,-0.0045871115074017305,0.349182515423637,0.231851797530429
2022-02-08,0.007357795445717614,0.3591095243910627,0.22798492189213865
2022-02-09,0.016056641967622614,0.3809322594189959,0.23385986804440828
2022-02-10,-0.01682932106347561,0.3576921070583228,0.2381309609758742
2022-02-11,-0.023525033929902645,0.32575235417341464,0.24623562762072523
2022-02-14,0.0013554597048104256,0.3275493580680542,0.246408337128357
2022-02-15,0.020751661336469326,0.3550982127541298,0.2475913248509425
2022-02-16,0.0008959658865507512,0.35631233452568356,0.24775396355432125
2022-02-17,-0.02640409967696988,0.3205001284517637,0.2512805416923922
2022-02-18,-0.011277003431840286,0.3056088439714677,0.25261678497851936
2022-02-22,-0.015218537448875424,0.28573938688590483,0.2551396472910919
2022-02-23,-0.0231962136974377,0.2559151013084868,0.2617386503919709
2022-02-24,0.0197524293708898,0.2807224756429165,0.2678610638036385
2022-02-25,0.020046936332525533,0.3063970375717646,0.27514727391465965
2022-02-28,0.003721380244155278,0.3112586376984072,0.2710377023308711
2022-03-01,-0.014742255020798385,0.29192772846323267,0.27331481339900954
2022-03-02,0.01711723983855536,0.31404196524541783,0.27461406708651487
2022-03-03,-0.009021527775669027,0.3021872991575616,0.27451811715340024
2022-03-04,-0.010004638510179032,0.2891593859569437,0.27416078751303896
2022-03-07,-0.02958361949880749,0.25102138520947714,0.27834125844624213
2022-03-08,-0.0014913706436944956,0.24915564864094164,0.27827106017494174
2022-03-09,0.027801965557389615,0.2838846309602756,0.2883663727303061
2022-03-10,-0.003703091142453043,0.27913028915543503,0.2882581131867463
2022-03-11,-0.016679777395501104,0.25779468067247935,0.291059142062907
2022-03-14,-0.011217585783101247,0.24368526094450726,0.282034427857269
2022-03-15,0.027966614394385636,0.2784669270653233,0.2818091277493912
2022-03-16,0.026887390289503994,0.3128415663055515,0.2926683951238761
2022-03-17,0.013822653426997908,0.3309885202811502,0.2941033690171373
2022-03-18,0.01814746581881616,0.35514258895818895,0.2796907574271371
2022-03-21,0.0021492788993437684,0.35805516833023887,0.27639660008521877
2022-03-22,0.01487248410279629,0.3782528222319508,0.279200719150893
2022-03-23,-0.010189043935878576,0.36420974367148085,0.28028183973827164
2022-03-24,0.019551188990979393,0.39088166619333764,0.282168261288497
2022-03-25,0.002851710043430632,0.3948480574100448,0.27745669039038745
2022-03-28,0.010599404317810401,0.40963261593244615,0.26868308348264247
2022-03-29,0.009376503976163634,0.4228500417606669,0.269472327713285
2022-03-30,-0.006548239399956441,0.4135328790569801,0.26494105055142847
2022-03-31,-0.017968169567772543,0.3881342805964625,0.27091512478755214
2022-04-01,0.002396171974068337,0.3914604890558713,0.2582420256475352
2022-04-04,0.015261434796225201,0.4126961725811211,0.25795245740886474
2022-04-05,-0.01590087926763293,0.39023306129906166,0.25837291951756014
2022-04-06,-0.018900027866797807,0.3639576176991659,0.2549027153785236
2022-04-07,0.0014825866955529728,0.36597980311646494,0.24984319616376235
2022-04-08,-0.006154167914431355,0.3575733340403644,0.2451395180410032
2022-04-11,-0.024089640924228148,0.3248698798950247,0.2558647815343215
2022-04-12,-0.0026115287409884357,0.32140994412560886,0.2519838308926689
2022-04-13,0.01278517945644648,0.3383044073967876,0.2498610994791653
2022-04-14,-0.017069788070068866,0.3154598347892854,0.25365054648886987
2022-04-18,0.00506126703407362,0.3221177282857526,0.252001750243431
2022-04-19,0.017235897520742793,0.34490561396084307,0.23887715583082814
2022-04-20,-0.010503278419088671,0.3307796958500169,0.24160591525585165
2022-04-21,-0.021016862145017395,0.30281088243694887,0.23809971874014407
2022-04-22,-0.027161411331587403,0.2674247001718104,0.25113111191104087
2022-04-25,0.008416290842865578,0.27809171506988806,0.24731198302850455
2022-04-26,-0.03592195634969514,0.2321801602702407,0.26718073519796665
2022-04-27,0.0009918018395696647,0.23340223881987776,0.25358639845855174
2022-04-28,0.0358395077115009,0.27760676786944516,0.2633042673276532
2022-04-29,-0.039151576316058805,0.22758644899529124,0.28189377310419295
2022-05-02,0.014625639625184227,0.24554068600705592,0.2798251870524224
2022-05-03,0.0037346667488182836,0.2501923653913869,0.28009937042672645
2022-05-04,0.03289631819619647,0.29131909124975763,0.2943784581371349
2022-05-05,-0.04456690897461175,0.2337689908528513,0.3185547910243034
2022-05-06,-0.0039458858099937376,0.22890067929903468,0.3111995105915401
2022-05-09,-0.04068304603179144,0.1789052563946123,0.32807463367784023
2022-05-10,0.005900825676681619,0.18586177080192057,0.32636377721930226
2022-05-11,-0.023182108998724096,0.15837099397377052,0.327074305371584
2022-05-12,-0.0073253885645899065,0.1498854763409625,0.3270804774105393
2022-05-13,0.03235350972474124,0.18708830728209835,0.34402772326358705
2022-05-16,-0.006818276196282293,0.1789944113336719,0.3433483787243274
2022-05-17,0.025627108006909007,0.20920862845246213,0.3499875368972785
2022-05-18,-0.04512434569588353,0.154643880283728,0.3677421969875216
2022-05-19,-0.005701444147947793,0.14806074268952063,0.3656743859980973
2022-05-20,-0.0062909041579214545,0.14083840258978886,0.3650837825661791
2022-05-23,0.02500457748118028,0.16936458482085115,0.3757803438662194
2022-05-24,-0.01770230438351603,0.14866413700504855,0.37336314012493915
2022-05-25,0.014535362860101755,0.16536038704080247,0.37739319693254614
2022-05-26,0.025374533582256234,0.19493086331720044,0.3839384422882191
2022-05-27,0.029661776867048222,0.23037463595646446,0.3933451599870849
2022-05-31,-0.0028137143426997585,0.22691271319637973,0.3927910332921781
2022-06-01,-0.00633061237548404,0.21914560439057995,0.3885789160363136
2022-06-02,0.024442148629534706,0.24894414245413854,0.3958281813523357
2022-06-03,-0.02273468732248066,0.22054978789220003,0.39658305296601204
2022-06-06,0.005240254309794644,0.2269457791785212,0.38968450734649934
2022-06-07,0.007829229562709773,0.23655181934470781,0.38956770713233413
2022-06-08,-0.005126768268134416,0.23021230471538745,0.375414507809826
2022-06-09,-0.02596033648824902,0.19827557933299156,0.3829827761731623
2022-06-10,-0.03453805268667141,0.15688947424083688,0.3789641213803418
2022-06-13,-0.04384567983093036,0.10616486875349973,0.3830744794086678
2022-06-14,-0.0028224848672194105,0.10304273515079321,0.3793459613020086
2022-06-15,0.022163292622591126,0.1274897940651636,0.3862093842994815
2022-06-16,-0.03521623038562615,0.0877838537199227,0.38139061845950567
2022-06-17,0.0029051653469783865,0.09094404567675252,0.36344391855745795
2022-06-21,0.03005747788607719,0.12373507220462909,0.37648338888965455
2022-06-22,-0.004019964903450253,0.11921769665359028,0.3589309650184584
2022-06-23,0.007276569111416324,0.12736176157401036,0.35919890587307446
2022-06-24,0.03274413884679576,0.16427625162555803,0.3662794674762969
2022-06-27,-0.004366400143965479,0.15919255563284462,0.36583530349129084
2022-06-28,-0.025792704316478003,0.1292938447995442,0.36065701967581654
2022-06-29,-0.0012844563820278128,0.1278433161134067,0.3602925529747975
2022-06-30,-0.014327782829955059,0.11168382201391758,0.35294936987250136
2022-07-01,0.008426718688671746,0.1210516688527763,0.33022289563242846
2022-07-05,0.00974729172072118,0.13197888650308554,0.331253546546354
2022-07-06,0.0034170075655424264,0.13584686692230097,0.33091213881694315
2022-07-07,0.022086353582505963,0.16093358244072853,0.3291041074199651
2022-07-08,0.00030904634777865613,0.16129236472439534,0.32481295794210185
2022-07-11,-0.0196209240729874,0.1385067354095979,0.3271269789887112
2022-07-12,-0.008706164675989815,0.1285947082863983,0.3184357030846762
2022-07-13,-0.0018534949974511497,0.12650286364043972,0.3042422486502509
2022-07-14,-0.002859649980215042,0.12328145974871818,0.3042423519364082
2022-07-15,0.020968659931611292,0.14683516668567287,0.31165502549076074
2022-07-18,-0.003691317438348451,0.1426018340359747,0.30153392831741416
2022-07-19,0.03023673540045833,0.1771503833597987,0.3100459034077557
2022-07-20,0.011549447984864559,0.1907458204827761,0.31168791246731004
2022-07-21,0.012771135884483427,0.20595299716004245,0.31320367789436265
2022-07-22,-0.015262931340638023,0.18754661936435202,0.31583056202560295
2022-07-25,-0.00025874254178348907,0.1872393505335712,0.3068244820616504
2022-07-26,-0.01912438290047213,0.16453413059945943,0.29482016540683076
2022-07-27,0.03610238910904599,0.20657659491312574,0.28133716172201323
2022-07-28,0.008864516298954041,0.21727231280466963,0.28125572782304104
2022-07-29,0.02204323176177383,0.24410492851301346,0.2811864875845457
2022-08-01,-0.0015592932550104277,0.24216500408945785,0.25684909989190763
2022-08-02,-0.00781570805230817,0.23245660506470056,0.2593166489325958
2022-08-03,0.019637047951567975,0.25665841451658267,0.25194205294651234
2022-08-04,0.001177478636556058,0.25813810295312445,0.25097892758429596
2022-08-05,-0.00431237166409867,0.25271254384842656,0.25192110516415883
2022-08-08,-0.006564267031980221,0.24448940419629417,0.23782756837015293
2022-08-09,-0.00543393321036951,0.23772693189287897,0.23810876911778364
2022-08-10,0.026909253652892214,0.27103323985620054,0.23302356906667349
2022-08-11,-0.0013754250076753924,0.2692850289525157,0.2330418216010173
2022-08-12,0.019355352116389776,0.29385248762395366,0.23039307376051213
2022-08-15,0.006508721732818651,0.3022738134292131,0.23022463372003307
2022-08-16,0.0019691670973672974,0.304838208174381,0.2299662280253477
2022-08-17,-0.008529261593570687,0.29370890175957576,0.23319636414466416
2022-08-18,0.0032084755045161117,0.29785973508084584,0.22713013885763045
2022-08-19,-0.01764718103289507,0.2749561693805689,0.23535627589109184
2022-08-22,-0.02273133400296189,0.24597471485524225,0.23813589909091645
2022-08-23,0.0005989412737500466,0.24672098053801816,0.2356346007487196
2022-08-24,0.0019719272964279864,0.24917942367057067,0.23514967005318102
2022-08-25,0.016326411148394927,0.2695740405395315,0.23716642819299066
2022-08-26,-0.037732649674429894,0.22166964803210298,0.2609255918498791
2022-08-29,-0.007742624825430221,0.21221071828677496,0.26198784714574425
2022-08-30,-0.012956126763238726,0.19650516255689476,0.2513785828584282
2022-08-31,-0.008145565351893841,0.1867589515614092,0.25044734995873164
2022-09-01,-0.002078604358371147,0.1842921492323577,0.24755285696250934
2022-09-02,-0.012380087114993818,0.1696305092552579,0.2461948523531636
2022-09-06,-0.004125545007193542,0.1648051459475386,0.24643183614073258
2022-09-07,0.016200665836767665,0.183675764881982,0.24451705641714291
2022-09-08,0.006880885787817937,0.1918205026299431,0.22127124181713018
2022-09-09,0.019332489291950833,0.214861359734964,0.22704974076451817
2022-09-12,0.01149006239865931,0.22882019256403896,0.220114201593389
2022-09-13,-0.050637490720109216,0.1665958214663945,0.2640855613213161
2022-09-14,0.005975576534580432,0.17356690408248854,0.2644505209621687
2022-09-15,-0.011490930858269998,0.16008152793012265,0.2581495539858426
2022-09-16,-0.005366818004445532,0.1538555814994027,0.25802902704739344
2022-09-19,0.009594074146622566,0.16492575750280225,0.26043430457723565
2022-09-20,-0.009424209457293962,0.15394725316189906,0.26097379128544856
2022-09-21,-0.018459755391073834,0.13264566913432896,0.2649968714006419
2022-09-22,-0.009495910837790786,0.12189016684941945,0.25009726138040844
2022-09-23,-0.018839770531493025,0.10075401354443803,0.2535840844416679
2022-09-26,-0.01053508625319206,0.08915747506820004,0.24363729606056386
2022-09-27,-0.0016419067983148518,0.08736918000545013,0.24124822027761325
2022-09-28,0.021233647515329294,0.11045799389271838,0.25287581374134493
2022-09-29,-0.025032114166504752,0.08266088261248794,0.2591867186930417
2022-09-30,-0.014798765151992367,0.06663883847145691,0.2590095698018803
2022-10-03,0.02166036709165327,0.08974262726696347,0.2690232094630438
2022-10-04,0.03109672472141008,0.12363005376427028,0.2831922888044761
2022-10-05,-0.0024523212335241427,0.12087455192479823,0.28296672315066257
2022-10-06,-0.007456402984593465,0.1125168595704713,0.28273480196984846
2022-10-07,-0.03431526145519834,0.07434055266099437,0.2895786384185732
2022-10-10,-0.009366335392392615,0.06427791871912314,0.2732570124359681
2022-10-11,-0.011830206227197994,0.05168729145762274,0.2739419252148447
2022-10-12,-0.001117592890574171,0.050511933217582516,0.2729429482940649
2022-10-13,0.0270874052780195,0.07896757570204294,0.28722753612285046
2022-10-14,-0.02725751515654832,0.04955760065392045,0.29566466899194693
2022-10-17,0.036402322870901484,0.08776393530453297,0.3165037739749735
2022-10-18,0.009689628692484503,0.09830396394270968,0.31830968390153147
2022-10-19,-0.0027265023359006745,0.09530943561949101,0.3137219030430746
2022-10-20,-0.008140750248520408,0.08639279505926489,0.31288287504666723
2022-10-21,0.024848522259939738,0.11338805061033308,0.3166733756347535
2022-10-24,0.008819693656976107,0.1232077921380541,0.31572599157057607
2022-10-25,0.02220764565596936,0.1481515927838799,0.289298562066034
2022-10-26,-0.015864913148427036,0.12993626748313547,0.2920470812012954
2022-10-27,-0.016405310031287538,0.11139931269947878,0.29390800919032795
2022-10-28,0.025176051503579405,0.1393799590370437,0.30338027264864376
2022-10-31,-0.012515948815090695,0.12511953778879592,0.3039165892567057
2022-11-01,-0.0064250559277555215,0.11789058183309242,0.30331634639966987
2022-11-02,-0.028428337829364658,0.0861108107164763,0.30964634268971425
2022-11-03,-0.011038739405127833,0.07412151651188514,0.31003695583956825
2022-11-04,0.016209582339118463,0.0915325776760032,0.3094138210940713
2022-11-07,0.009087872394953053,0.10145228645685678,0.30888795530296914
2022-11-08,0.002658837126140144,0.1043808686887604,0.30887342863591866
2022-11-09,-0.02884824566125984,0.07252141808523138,0.31400567852916766
2022-11-10,0.06949793122549495,0.147059437837189,0.36623651908983135
2022-11-11,0.015604341576757821,0.16495854511404429,0.3645839211681442
2022-11-14,-0.008907449911950242,0.15458173522394247,0.36188502964853714
2022-11-15,0.009034295988855965,0.16501256836328237,0.35208029922752426
2022-11-16,-0.009782582890582738,0.15361573634469794,0.3534230745339666
2022-11-17,-0.006434281625562003,0.14619304780937603,0.3532179724485807
2022-11-18,-0.0001805440104549219,0.14598610951976898,0.33684308954729547
2022-11-21,-0.0088189776105965,0.13587968367785952,0.33668108651545664
2022-11-22,0.01600507872311559,0.1540595274351113,0.33613234624570737
2022-11-23,0.01365132605485489,0.1698139703308399,0.33716399044820866
2022-11-25,-0.00291312085065002,0.16640616086248738,0.33030532364232923
2022-11-28,-0.0164187852659668,0.14725518857438535,0.3231489017045155
2022-11-29,-0.006048749698000054,0.14031572909896695,0.3082914015080455
2022-11-30,0.04385395976954797,0.1903230892074559,0.3309991306726153
2022-12-01,-0.0005238623341280587,0.1896995237755772,0.3307357009031459
2022-12-02,-0.0013493247982044577,0.18809423270573467,0.32933674054760437
2022-12-05,-0.02030933508025377,0.16396482882679697,0.3295386058126045
2022-12-06,-0.022153135000450613,0.13817935883802068,0.3358782695769189
2022-12-07,-0.003307743239945371,0.13441455375797884,0.3297349908565545
2022-12-08,0.012035206675781757,0.14806746736847098,0.3281257244255976
2022-12-09,-0.0053283360307028885,0.14195017811641364,0.32465022821706047
2022-12-12,0.012071437065214914,0.15573515782315672,0.31836713371874076
2022-12-13,0.00925862133644482,0.1664356720146576,0.31678378781980665
2022-12-14,-0.006558478853452322,0.1587856283258371,0.31681263123367553
2022-12-15,-0.026249717422119116,0.12836783302947108,0.31508920407562613
2022-12-16,-0.010527267688215134,0.11648920280039854,0.3149163432438852
2022-12-19,-0.012516968845780022,0.10251414223229616,0.3142433386831757
2022-12-20,-0.0020095022025893375,0.1002986376350945,0.31325835085754133
2022-12-21,0.014218762464652026,0.11594352260380814,0.3158440110401579
2022-12-22,-0.025616085163655877,0.08735741829095889,0.313360281952673
2022-12-23,0.005453030305208892,0.0932868112454932,0.23666317623615096
2022-12-27,-0.01762790321044397,0.07401445715560273,0.2353976616029218
2022-12-28,-0.008710414566971188,0.06465934598285683,0.23535247270249426
2022-12-29,0.02436880966848277,0.09060382694688451,0.24589602529928703
2022-12-30,-0.00035319992339772943,0.09021862575874962,0.24484655020192675
2023-01-03,-0.010826446517036445,0.0784154321150956,0.2459025621782277
2023-01-04,0.007155530560058594,0.0861320666960339,0.24726746519319096
2023-01-05,-0.01411323450070536,0.07080323014001699,0.24906713757182958
2023-01-06,0.02191854614950383,0.09427368015687865,0.25330377805591653
2023-01-09,0.007968701215109305,0.10299362016160685,0.25084452539348445
2023-01-10,0.008450680706574603,0.11231466706698123,0.2525777351461009
2023-01-11,0.016060336642377278,0.13017881507233064,0.2534024851050778
2023-01-12,0.008262193505237207,0.13951657113797777,0.2540129337212177
2023-01-13,0.007359529968367108,0.1479028774927187,0.21899562563670855
2023-01-17,0.00602333942391061,0.15481708614954104,0.2199695622274881
2023-01-18,-0.016235476358831144,0.1360680806485859,0.2244207731811064
2023-01-19,-0.007445894676398657,0.12760903737485818,0.21800478029277948
2023-01-20,0.025944371356958873,0.15686414498597445,0.2219186751477976
2023-01-23,0.019767803244172346,0.1797328077842948,0.22833874621426428
2023-01-24,0.0025467172272165377,0.18273725364939142,0.22614630994632084
2023-01-25,-0.003835805268665941,0.17820050386039576,0.22581933338408322
2023-01-26,0.022239774060917546,0.2044034168647102,0.23193677431946566
2023-01-27,0.014523347004469465,0.22189538562120514,0.23396432674400655
2023-01-30,-0.02269235635366328,0.19416770010379203,0.2433695285109891
2023-01-31,0.014279152670449852,0.21121940300769393,0.2318416675862184
2023-02-01,0.015851278624685602,0.23041877924039422,0.23159900801846578
2023-02-02,0.03258292377999599,0.27050942054185967,0.24143214513283195
2023-02-03,-0.010115247625876468,0.25765790314207004,0.24455621110890588
2023-02-06,-0.0020064151378168097,0.2551345192870107,0.24351829231805439
2023-02-07,0.01802585454333322,0.27775939156399465,0.22979853716736945
2023-02-08,-0.011371369374663237,0.26322951755057544,0.2349405244521331
2023-02-09,-0.009303126226394828,0.25147753389589456,0.2291616789385426
2023-02-10,-0.005904537644131639,0.24408813768622117,0.2278208891216209
2023-02-13,0.011725654421419252,0.2586758852585169,0.2214859746478845
2023-02-14,0.007982161481077867,0.26872283942698894,0.22109083906818028
2023-02-15,0.0036576057537689496,0.27336332738441516,0.2159145010308245
2023-02-16,-0.01949594964568785,0.24853790007306298,0.227783249806309
2023-02-17,-0.003346786010995514,0.2443593108949007,0.2220999838593219
2023-02-21,-0.024457010751141157,0.2139260018500615,0.23205622205404222
2023-02-22,6.046378917065955e-05,0.21399940041590604,0.23188489293351008
2023-02-23,0.015944079541406555,0.23335550341935707,0.23433409396598961
2023-02-24,-0.01202000991153795,0.2185305580438066,0.2354415400742475
2023-02-27,0.006435771228713239,0.226372741950573,0.23512037030789285
2023-02-28,-0.002742538036555187,0.22300936805877902,0.23515041019360913
2023-03-01,-0.008088287176052832,0.21311731707091686,0.23671892550191403
2023-03-02,0.004972147402568656,0.21914911518800206,0.23061831931251614
2023-03-03,0.022358323686038503,0.24640724572692285,0.23562029368647108
2023-03-06,0.00113461915731175,0.24782144326573685,0.2258064207300733
2023-03-07,-0.01555718857748161,0.22840884976182663,0.22571063147032427
2023-03-08,0.0016036597565648493,0.2303787995987978,0.2256872196694159
2023-03-09,-0.021738690551970526,0.2036319756126146,0.23507587200952068
2023-03-10,-0.011132079158768907,0.19023304918206962,0.22845422803427928
2023-03-13,0.0019533945666414037,0.19255804395337894,0.22423537801568041
2023-03-14,0.023528178931889857,0.22061676299817878,0.22488114931717518
2023-03-15,-0.0015280846352001196,0.21875155727717344,0.2213027874337148
2023-03-16,0.021965907130879366,0.2455225407999384,0.22570237301045912
2023-03-17,-0.008681571197566369,0.2347094481838099,0.20552241703687102
2023-03-20,0.006094885192514109,0.24223486051660248,0.2045544534926139
2023-03-21,0.020131644174053505,0.26724309070912766,0.21287253705648845
2023-03-22,-0.013739633551610897,0.24983163502197336,0.209914143155624
2023-03-23,0.006044419808211758,0.25738614211362987,0.20824805846128125
2023-03-24,0.0010065740671899757,0.2586517943967257,0.20641219353955517
2023-03-27,0.00040178700856969,0.25915750433602724,0.20557988098420688
2023-03-28,-0.004894600414014326,0.2529944314939949,0.20331222195221824
2023-03-29,0.014846303678531281,0.27159676733146343,0.20662139022934595
2023-03-30,0.006624105212502759,0.28001995810614533,0.20723605749494603
2023-03-31,0.01737286999408027,0.3022575784281514,0.20422720364531277
2023-04-03,0.004392076829466434,0.30797719376436294,0.20386750212510207
2023-04-04,-0.005059833724562174,0.30135904664839575,0.18944701448683865
2023-04-05,-0.005461841696220905,0.2942512295456572,0.19070887477938203
2023-04-06,0.005781435736810027,0.30173385985656265,0.1865768611192633
2023-04-10,-0.0002506765150631695,0.30140754574903417,0.18202753379094058
2023-04-11,-0.0018728642535706843,0.29897018607727355,0.18196373193576432
2023-04-12,-0.007863674822304247,0.2887555069300938,0.1837160966907958
2023-04-13,0.01756092059388292,0.3113872400522224,0.18672132437205546
2023-04-14,0.004121257804609286,0.3167918049501526,0.18664629070965538
2023-04-17,0.0014688887387569868,0.3187260256037314,0.1770395666797585
2023-04-18,0.0015997500300542321,0.3208356576028242,0.17702627206182758
2023-04-19,-0.002259728157980958,0.31785092807527393,0.1696349378240625
2023-04-20,-0.010867654235920704,0.3035289798544647,0.1739402276944295
2023-04-21,0.0031760761972725185,0.30766908721983555,0.1587361566851771
2023-04-24,-2.9382513953744442e-05,0.3076306646146334,0.15343204333938962
2023-04-25,-0.016804906436970947,0.28565605364167035,0.16400842132675575
2023-04-26,-0.0009197043089178227,0.2844736302293498,0.15169165130133785
2023-04-27,0.027604960006837372,0.31993147342166806,0.1687674206000744
2023-04-28,0.008309277631060315,0.3308991504883032,0.1596255199891569
2023-05-01,-9.101593338050725e-05,0.3307780174598862,0.1564177031025877
2023-05-02,-0.012072346802005945,0.31471240371662446,0.16161323947063194
2023-05-03,-0.006821328147588127,0.30574431899116883,0.15394990321846225
2023-05-04,-0.008301684558536582,0.29490444154080286,0.15017277064474835
2023-05-05,0.022479860268575964,0.32401371244779864,0.16185673690534327
2023-05-08,0.0037450571308433496,0.32897221944293564,0.1619387069159904
2023-05-09,-0.005447698847694414,0.3217323790144586,0.16327948269204143
2023-05-10,0.006234900056995781,0.32997324829970887,0.1625765967245318
2023-05-11,-0.0007744228626043919,0.3289432866095734,0.15812693308211268
2023-05-12,-0.003336343283180979,0.32450947560156496,0.15796768002315714
2023-05-15,0.003506689191661847,0.32915411866391064,0.15056007298082713
2023-05-16,-0.0027445372907113604,0.325506205620135,0.15047031719053458
2023-05-17,0.017494921591048512,0.34869583275590754,0.1572903837912709
2023-05-18,0.01198977512061905,0.364866392496767,0.158953681995371
2023-05-19,-0.00312582712869288,0.3606000561000593,0.15912123185569857
2023-05-22,0.0011779091532223573,0.3622027193600146,0.15903665532978523
2023-05-23,-0.00817585942060315,0.3510655414241637,0.16125645292779034
2023-05-24,-0.0036521014139898954,0.3461313130499355,0.15961652235088933
2023-05-25,0.02438353349267614,0.37895475100722864,0.16665124533811987
2023-05-26,0.01648860646115914,0.40169179322433246,0.17196401650509222
2023-05-30,0.003222660688778689,0.40620897026414005,0.17197955611302204
2023-05-31,-0.008664199269934624,0.39402529553060184,0.17483965915969957
2023-06-01,0.016623402933002712,0.4171987397170054,0.17947962737525136
2023-06-02,0.015418838316355658,0.4390502979468449,0.1786511461119864
2023-06-05,-0.0014880852582254515,0.4369088684126252,0.17920417076174713
2023-06-06,0.0018711529621062688,0.43959754469803225,0.17899037724918368
2023-06-07,-0.007375291564484591,0.4289800930703682,0.1717393710260637
2023-06-08,0.009777903303185165,0.44295252224258674,0.17209917915901526
2023-06-09,0.0026726252592547193,0.44680899360143767,0.15680053175106817
2023-06-12,0.009848523704468358,0.4610579262707595,0.15730661537206836
2023-06-13,0.008429210943611539,0.4733734917321313,0.15771316635326227
2023-06-14,0.000381849596035244,0.4739360988047583,0.15105437968629967
2023-06-15,0.011031442600007152,0.4901957402748014,0.148930145141559
2023-06-16,-0.003059374931856995,0.48563667278344447,0.14576924504452637
2023-06-20,0.0018442174737222264,0.48837650989499437,0.13573691230352727
2023-06-21,-0.0074911358448317335,0.4772268792711145,0.13972738414736458
2023-06-22,0.006696591159073918,0.48711926373078795,0.1373302368550789
2023-06-23,-0.007967595647403186,0.47527049875791705,0.14140652795065206
2023-06-26,-0.01187462195515796,0.45775221930356946,0.14783583841335948
2023-06-27,0.012888618359159592,0.47654063132039126,0.1491419234410784
2023-06-28,-0.0006420205028878762,0.47559266196173655,0.1496654238428387
2023-06-29,0.002549863332602601,0.4793552215843304,0.148518041828711
2023-06-30,0.014981180223826197,0.5015177087739437,0.1466575218474396
2023-07-03,0.004809720848735313,0.5087395898025788,0.14456047556926035
2023-07-05,0.0011824796252281463,0.5105236436272955,0.1434087436559683
2023-07-06,-0.010776597982808556,0.4942453375763971,0.14918149279528264
2023-07-07,-0.0025198248470853215,0.4904801010471307,0.14632969730353523
2023-07-10,-0.003574056058249559,0.4851530416122827,0.14629755663976202
2023-07-11,0.006707456326916291,0.49511464077768386,0.13250486428990724
2023-07-12,0.011833652499859825,0.5128073078840998,0.12894470820387152
2023-07-13,0.012672007357962069,0.5319776132207858,0.13222197619292342
2023-07-14,0.0010168512174400066,0.5335354065218803,0.12777102577848692
2023-07-17,0.005548636831651576,0.5420444375611493,0.12155279159282265
2023-07-18,0.008415795797836727,0.555021968658854,0.11686265902893139
2023-07-19,0.0030592512653488542,0.5597791715841189,0.11621733273648933
2023-07-20,-0.0136720397172118,0.5384538088001412,0.12560725655197902
2023-07-21,-0.0027782812873663664,0.5341795513716743,0.12323141869355081
2023-07-24,0.0073356067239836965,0.5454336892045144,0.1221593952417514
2023-07-25,0.0033828341522332468,0.5506616350683673,0.12219463068730671
2023-07-26,8.471234573362719e-05,0.5507929952529131,0.12024370558099601
2023-07-27,-0.004195740642385081,0.5442862700548046,0.11995998639008801
2023-07-28,0.014798934756779444,0.5671400618111357,0.12582612166718657
2023-07-31,0.0033609535654436514,0.5724071467894296,0.1230148214160138
2023-08-01,-0.0014024602007196227,0.5702019083467302,0.12253645728517451
2023-08-02,-0.018069183469678767,0.5418296419803734,0.13548834121395606
2023-08-03,0.0008771337485138403,0.5431820327938135,0.13296457853271323
2023-08-04,-0.002779889494286366,0.5388921572730785,0.13257675534396143
2023-08-07,0.008367349606423779,0.5517686059595661,0.1312343229799218
2023-08-08,-0.005481397481902413,0.543262745430364,0.1267096306290867
2023-08-09,-0.011655247910587481,0.5252756355411994,0.12822715350886016
2023-08-10,0.0026799089424714264,0.52936323535662,0.1281931535780855
2023-08-11,-0.0026935950660948514,0.5252437500915965,0.1286224337737128
2023-08-14,0.009504236110864654,0.5397400268190875,0.1243772861211343
2023-08-15,-0.013565851245994947,0.5188521426577555,0.13056512309886642
2023-08-16,-0.009801757199350862,0.5039647227337103,0.1337302237932633
2023-08-17,-0.007099037548522638,0.49328802069537026,0.13158906795388625
2023-08-18,-0.0016379433558043927,0.49084209950357005,0.1314663955946582
2023-08-21,0.014400940872118389,0.5123116284281859,0.137361009924928
2023-08-22,-0.004661615947359517,0.5052618124237278,0.13694903672614878
2023-08-23,0.01140192170018865,0.5224246897472671,0.13663738985231583
2023-08-24,-0.013936795531769085,0.5012069681337425,0.1373732445600346
2023-08-25,0.006083191665341559,0.5103390978502464,0.1386826968086207
2023-08-28,0.006259858026228028,0.5197936061742503,0.1389659854147345
2023-08-29,0.018558423403511277,0.5479985794035813,0.14743807938715411
2023-08-30,0.0031183695665192076,0.5528258110626083,0.14744921829370813
2023-08-31,-0.0012519821039861812,0.5508817009365501,0.14180635671706113
2023-09-01,-0.0019466604824574473,0.5478626608163706,0.14166955817870336
2023-09-05,0.001691450372354613,0.5504807936903622,0.14018241565588435
2023-09-06,-0.010233078537794696,0.5346146019571865,0.14297744563012832
2023-09-07,-0.0026624818903106216,0.5305287183708693,0.14313357298330126
2023-09-08,0.0015111804170213983,0.5328416233977602,0.14277337277603147
2023-09-11,0.012571936662444043,0.5521124112006746,0.14087242372519027
2023-09-12,-0.004951814735146459,0.5444266380922873,0.14106397377359103
2023-09-13,0.004609340159311475,0.5515454258183565,0.14182606015755603
2023-09-14,0.008738988479392836,0.5651043634198378,0.1337930410354289
2023-09-15,-0.013947123806369728,0.5432756590933319,0.14020736263726163
2023-09-18,0.0005759463013051906,0.5441645030010809,0.1399580586875718
2023-09-19,-0.00429550890067349,0.5375315306343356,0.13830082089655454
2023-09-20,-0.0114806959635546,0.5198795985967439,0.14132497826201404
2023-09-21,-0.015120883716224125,0.49689767592370115,0.14403922792854737
2023-09-22,-0.0023019083605225208,0.49345195464864555,0.1437811084696646
2023-09-25,0.005062368129391318,0.5010123582266359,0.14462575195177893
2023-09-26,-0.014868040464987872,0.47869524574607536,0.1472123346580413
2023-09-27,-0.0016716225147481048,0.4762234254808353,0.14256773907274853
2023-09-28,0.005467793922801389,0.48429511095537636,0.14115353875055534
2023-09-29,-0.001303896438608263,0.48235974384635805,0.13975614098434166
2023-10-02,0.004380435135346614,0.4888531245515262,0.14030823386401112
2023-10-03,-0.015179748965955602,0.46625270787365536,0.14010594485613267
2023-10-04,0.0070914476828909875,0.47665056224143854,0.14156483886051363
2023-10-05,-0.0009038191432328097,0.4753159371954192,0.13691464773202242
2023-10-06,0.013562932030190256,0.49532554697465714,0.1375518164411762
2023-10-09,0.004607070451469548,0.5022146171174517,0.13704131649044307
2023-10-10,0.007406170142404746,0.513340274162231,0.1375461129386382
2023-10-11,0.004540686124178201,0.5202118773462794,0.12658050903914778
2023-10-12,-0.003677339306370114,0.5146215424557032,0.1263907035800126
2023-10-13,-0.00517330014488448,0.506785950610672,0.1270221439073392
2023-10-16,0.00971015480756253,0.5214170754529617,0.13065246612556813
2023-10-17,-0.002824558084033301,0.5171197445533047,0.13063739977749753
2023-10-18,-0.016047013164801685,0.4927745040398772,0.13532966815000724
2023-10-19,-0.011204455872913568,0.47604877798115197,0.13853081266088813
2023-10-20,-0.013623488654046336,0.4559398442015068,0.14286185585485278
2023-10-23,0.0009573634113553217,0.4573337077374797,0.13662673687690846
2023-10-24,0.008659350886135142,0.4699532716709711,0.1397838461855608
2023-10-25,-0.015314862417514482,0.44744113955515497,0.143948179167622
2023-10-26,-0.017225612243479602,0.42250807973991766,0.14633895035646768
2023-10-27,-0.002136511506066063,0.41946887486008144,0.14271699245354352
2023-10-30,0.01296008051125227,0.43786530576148475,0.14956954293485764
2023-10-31,0.0026915011218144225,0.44173532184496,0.15014207698807963
2023-11-01,0.014486553554671436,0.4626210977965284,0.1548312301821011
2023-11-02,0.0211923935133125,0.4936175396619056,0.16212597320207614
2023-11-03,0.006907086757535572,0.5039340855909271,0.1631944055707886
2023-11-06,0.003584805881038128,0.5093253973456473,0.1628743590512912
2023-11-07,0.004102171774983835,0.5155169093899048,0.15675340350154027
2023-11-08,0.000592256620059491,0.5164144843123033,0.15657197734161582
2023-11-09,-0.007282386596044761,0.5053713677976992,0.15772656559932782
2023-11-10,0.015436657792647215,0.5286092704532417,0.16340660912880214
2023-11-13,0.0020359922441215766,0.5317215070721768,0.1631356669108186
2023-11-14,0.020713477630151383,0.5634487862445381,0.1653592090438241
2023-11-15,0.0018368479488096818,0.5663206039406206,0.16470692800937092
2023-11-16,0.0015799026340271825,0.5687952379885173,0.1644810803827951
2023-11-17,0.002191504931004648,0.5722332604883056,0.1608576648450199
2023-11-20,0.006774629491577325,0.5828845583024485,0.1613174152942434
2023-11-21,-0.0014033296825312392,0.5806632494177624,0.16067396439934922
2023-11-22,0.0011294712020064946,0.5824485630380496,0.16041721507955733
2023-11-24,-0.0011566589118922775,0.5806182098050003,0.15989111865193867
2023-11-27,-0.0006364342495887312,0.5796122502407568,0.1587895731691755
2023-11-28,0.003976583313250454,0.58589370995647,0.15711272947211005
2023-11-29,-0.0036665268426315303,0.580078988099354,0.1573297393292719
2023-11-30,-0.0002047525055352785,0.579755462967597,0.14851326530426645
2023-12-01,0.0025775282461068167,0.5838273272953376,0.1431967208841161
2023-12-04,-0.008888609223811827,0.5697493051050151,0.13919694874810004
2023-12-05,0.003677014304331423,0.5755212957541005,0.1391498855597068
2023-12-06,-0.004615782032318976,0.5682490328656229,0.13947831081423623
2023-12-07,0.010536341177923824,0.5847726397278441,0.13114898033126474
2023-12-08,0.005671515160953381,0.5937607017807247,0.11632738805452382
2023-12-11,-0.00639061603276215,0.5835755890875385,0.11884704725020837
2023-12-12,0.00449433170979385,0.59069270307243,0.11559116241059463
2023-12-13,0.01262852846306472,0.6107808111491695,0.11861171664482963
2023-12-14,0.006835220113537898,0.6217908525480373,0.11458648112474877
2023-12-15,0.0020305827951214127,0.6250840331505068,0.10155722839778832
2023-12-18,0.006475735803149367,0.6356076480071058,0.10141455111721165
2023-12-19,0.005912026296213774,0.6452774034324122,0.10179042000955338
2023-12-20,-0.014981089114029999,0.6206293560342915,0.11411053050245605
2023-12-21,0.009025887313516036,0.6352569739788332,0.11564531842184557
2023-12-22,-0.00041709698781573014,0.6345749132206819,0.11223791768846154
2023-12-26,0.004555838527448009,0.6420217725863326,0.1058161743170212
2023-12-27,0.0019248257467570278,0.6451823783709425,0.10582007848889179
2023-12-28,-0.0016371440761602332,0.6424889777859892,0.09101029394136756
2023-12-29,-0.0035212838575567123,0.6367053078622966,0.09223707742609003
2024-01-02,-0.004839396998371183,0.6287846411082096,0.09403704503016397
2024-01-03,-0.005779228533908407,0.6193715224347252,0.09617066765679115
2024-01-04,-0.003110876959958995,0.6143338568759691,0.09527894201363295
2024-01-05,0.003660247486123297,0.6202427183173631,0.09544995636847287
2024-01-08,0.016104441431693112,0.6463358222796323,0.10521004717051044
2024-01-09,-0.0014462848682341206,0.6439547516918374,0.10527313275515318
2024-01-10,0.008660801494492438,0.658192717462168,0.1071937665575281
2024-01-11,-0.0023127340590895834,0.654357758687959,0.10755254371481557
2024-01-12,-0.0013520409036828455,0.6521209993288879,0.1068057297006243
2024-01-16,-0.0022407463950688696,0.6484190151554241,0.10725170636836605
2024-01-17,-0.007356618749568809,0.6362922249213858,0.11016227700913685
2024-01-18,0.007316458389464412,0.6482640888980273,0.10735748608681678
2024-01-19,0.011191247699850354,0.6667102205916533,0.11074564831400972
2024-01-22,0.0007492157420429473,0.6679589461263444,0.10908150384648262
2024-01-23,0.003711113125055251,0.6741489304633674,0.10624009865269178
2024-01-24,0.004368342129106814,0.6814621857667096,0.10589957873172061
2024-01-25,2.9752676544757143e-05,0.6815122137672449,0.10317989410843473
2024-01-26,0.0007205125858854661,0.6827237644805846,0.10297384858644663
2024-01-29,0.011723162925712198,0.7024506093305583,0.10218434455554645
2024-01-30,0.0008017349412647945,0.703815523469836,0.1011258443729849
2024-01-31,-0.01910710620856893,0.6712605393030895,0.11766684023170425
2024-02-01,0.011393245267896257,0.6903016205339261,0.120498628833559
2024-02-02,0.02203783570471577,0.7275522099386675,0.1343349781944092
2024-02-05,-0.003227934224285145,0.7219757850359672,0.12572429952941597
2024-02-06,0.0032819813023245467,0.727627277365511,0.12404751965692291
2024-02-07,0.010403616134365553,0.7456008483824808,0.12626395481718755
2024-02-08,0.0033111856094834974,0.7513808567915468,0.1261156075839834
2024-02-09,0.006222309804193096,0.762278491067637,0.1266533745935946
2024-02-12,-0.0015020262937083927,0.7596315024372167,0.12661724242118394
2024-02-13,-0.013298569952168337,0.7362309198120163,0.1335258031997792
2024-02-14,0.009268209583671094,0.7523226718624842,0.13350330001926652
2024-02-15,0.00950812771610855,0.7689839796263855,0.1326404127777089
2024-02-16,-0.0045758701632548785,0.7608893386147373,0.13329169742722033
2024-02-20,-0.009196264480525629,0.7446957345358982,0.13781515454235405
2024-02-21,0.0014625507712607573,0.7472474406280589,0.13165701740288932
2024-02-22,0.027416816812188303,0.7951514036333232,0.15031163086532154
2024-02-23,-0.0018047847858922623,0.7919115416916724,0.14993473714024683
2024-02-26,-0.003137798333642767,0.786288884642117,0.15019000653712525
2024-02-27,0.001270416238062469,0.7885582150470369,0.14978153524620502
2024-02-28,-0.0022366283301005234,0.7845578750732287,0.14978035738452042
2024-02-29,0.0062035399306928285,0.7956284511098777,0.14700589730969055
2024-03-01,0.005840814568482094,0.8061163839267012,0.14670380434708133
2024-03-04,-0.007288236081183617,0.7929529813305498,0.1476147328473836
2024-03-05,-0.009514530271908996,0.775893875913571,0.15160287972994424
2024-03-06,0.0007523645004072792,0.777229995422299,0.1515783095226516
2024-03-07,0.012114765805103789,0.7987607205986458,0.1542524907280023
2024-03-08,-0.005176225624290849,0.7894499292647152,0.15564867694488432
2024-03-11,0.0003194626942174127,0.7900215917602851,0.1556843977461553
2024-03-12,0.013838238424840426,0.8147923373326762,0.15693507222679737
2024-03-13,-0.0004803962043425853,0.8139205179821516,0.15707680495537252
2024-03-14,-0.00202777314005396,0.8102422986775946,0.14428345659653613
2024-03-15,-0.00484815621862272,0.801465961220047,0.14346211948149507
2024-03-18,0.012036085169243019,0.8231485589587835,0.13404190529097595
2024-03-19,0.005952137226611437,0.834000189366205,0.1336711797684384
2024-03-20,0.01069326864575087,0.8536116460874557,0.13592949160808135
2024-03-21,1.1587905996729756e-05,0.853633125564965,0.13392395364889093
2024-03-22,0.0006277670603576811,0.8547967753831824,0.13392806627787762
2024-03-25,-0.0013886847663261608,0.852221047356577,0.13363377483824807
2024-03-26,-0.0025281285430227935,0.8475383944587673,0.13387993354595012
2024-03-27,0.00721293384254698,0.860864566669564,0.12698568409759234
2024-03-28,-0.0014750275860258278,0.8581197400998684,0.12570633778662252
2024-04-01,-0.0014341747305007169,0.8554548717223727,0.12400557773863859
2024-04-02,-0.007954031530882793,0.8406965251685627,0.12584547095616658
2024-04-03,-0.00024875109847077935,0.8402386498859757,0.12183975451738359
2024-04-04,-0.00818687483433483,0.825172846394054,0.1252390621738086
2024-04-05,0.009883943018898793,0.8432127508074543,0.1018107736198076
2024-04-08,0.0018023624101936703,0.8465348881834993,0.10151409463412359
2024-04-09,0.002360693475744573,0.8508939910467688,0.10080497864411275
2024-04-10,-0.0066370769845371215,0.8386094651379743,0.10333350755244079
2024-04-11,0.009936547216301045,0.8568788949006558,0.10606765655879724
2024-04-12,-0.015440816818404176,0.8282071680305341,0.11557925473052075
2024-04-15,-0.014327402800912428,0.8020137075306453,0.12225864782349581
2024-04-16,-0.0038653055192856534,0.7950483740010987,0.1208918337443295
2024-04-17,-0.003674184128720552,0.7884530357550583,0.11802043813948941
2024-04-18,-0.00040152330662895333,0.7877349301783914,0.11802612907379029
2024-04-19,-0.011731346187241398,0.7667623928214449,0.11738184992384022
2024-04-22,0.008147600651609393,0.781157267244436,0.11917836684995396
2024-04-23,0.013524919296753665,0.8052472755387434,0.12558225848525656
2024-04-24,0.005778343022735614,0.8156786135376652,0.12009153258846851
2024-04-25,-0.005288129397027524,0.8060770700858626,0.12107827301167191
2024-04-26,0.01372185597220848,0.8308597995162892,0.12735922760319734
2024-04-29,0.009669013413904718,0.8485624074767912,0.12909053509186866
2024-04-30,-0.018918448714665095,0.8135904743750837,0.13681467112635518
2024-05-01,-0.0004977871329679438,0.8126876923724664,0.13559090551732775
2024-05-02,0.011558660994397856,0.8336399348973171,0.13622532052095082
2024-05-03,0.014667080413515575,0.8605340792718896,0.1429942170069007
2024-05-06,0.012447228947598792,0.8836925729213967,0.14736439711752228
2024-05-07,-0.004312894530872286,0.8755684055257993,0.14794249229961104
2024-05-08,0.00015576075907769178,0.875860545484346,0.14767574748336687
2024-05-09,0.005677243408541246,0.8865102624015395,0.14713967506494194
2024-05-10,5.1646850438781707e-05,0.8866076947149131,0.14702827935752918
2024-05-13,0.001523467616872781,0.889481880443554,0.14693150266790783
2024-05-14,0.006379346564288033,0.9015355401858463,0.14550587393293116
2024-05-15,0.00925278160377879,0.9191300332510095,0.14732083314970376
2024-05-16,-0.0022453865891549226,0.9148208444115031,0.14493344097971042
2024-05-17,0.0021710716227820335,0.9189780576095166,0.14282976720852608
2024-05-20,-0.0028846868682739484,0.9134424068062246,0.14335516812594218
2024-05-21,0.0077158395398187266,0.928206221385826,0.144558444200194
2024-05-22,-0.00573814520471427,0.9171418941028806,0.14414676545548413
2024-05-23,-0.004464910235799537,0.9085820276364205,0.14280285736559845
2024-05-24,0.009105480142398712,0.9259605833892028,0.13586537178793284
2024-05-28,0.005629447927519371,0.9368026782038472,0.12736023490373863
2024-05-29,-0.0066816177898591424,0.9238617029737137,0.12882467448831003
2024-05-30,-0.004760263178856673,0.9147036149478354,0.12930317606459016
2024-05-31,0.007590366368220687,0.929236916871846,0.12992087080570247
2024-06-03,0.001672457018024822,0.932463482692901,0.12270287756825453
2024-06-04,0.0016458789085611238,0.9356440835806299,0.12178615285596457
2024-06-05,0.009375272275293566,0.9537912738922594,0.11917802530265799
2024-06-06,0.0020550107814675204,0.957806336024845,0.11882125498650302
2024-06-07,-0.0017447080672551344,0.9543905355162592,0.1172251549600743
2024-06-10,0.002555933377618381,0.9593858275188867,0.11243893769096334
2024-06-11,0.001322601238920322,0.9619773136418859,0.11025913783752757
2024-06-12,0.007873549950955162,0.9774250400234863,0.09187923678301643
2024-06-13,0.004373576778726296,0.986073460260205,0.09139582979058637
2024-06-14,-0.0010460383760163298,0.9839959512031853,0.08847186969913343
2024-06-17,0.0069147525505424134,0.9977147922670333,0.08192935537410992
2024-06-18,3.3999167200137034e-05,0.9977827129062735,0.0763965581986048
2024-06-20,-1.6054900956039312e-05,0.9977506387026862,0.07431082508796788
2024-06-21,-0.0021758570561707337,0.9934038188789953,0.07514796032633267
2024-06-24,-0.002510876374796249,0.9883986283247432,0.07544947109580626
2024-06-25,0.007374696994256669,1.0030624657124338,0.07697357192740248
2024-06-26,0.007747828452858765,1.0185818500771338,0.07872578589724029
2024-06-27,0.00139052496042422,1.0213887385243252,0.07775576692030288
2024-06-28,-0.006063714408659833,1.0091316145050326,0.07809953187213067
2024-07-01,0.007340973880442907,1.023880597209486,0.07899830270813582
2024-07-02,0.012171982943447221,1.0485152373182935,0.08446856294141573
2024-07-03,0.00932343274441552,1.0676144313593414,0.08549525477319005
2024-07-05,0.0067197047944957365,1.0815081899669154,0.08502478617544669
2024-07-08,0.00023691253669488302,1.0820013253523513,0.08164962306550205
2024-07-09,0.003974132024122352,1.0902754734936995,0.07876748883849331
2024-07-10,0.010690966209655296,1.112622537949692,0.07995220105770537
2024-07-11,-0.01733711975151289,1.0759957480195133,0.09906377619266729
2024-07-12,0.0054071088809904515,1.0872208830655277,0.09563922924092075
2024-07-15,0.0026565288550672475,1.0927656455682904,0.0929646829555522
2024-07-16,0.008599727643131286,1.1107628601410795,0.09344396929290656
2024-07-17,-0.011425166205450537,1.0866470436436755,0.10236813504875811
2024-07-18,-0.004776588642549282,1.0766799890739982,0.10454772944145299
2024-07-19,-0.009165043115701403,1.0576471274366206,0.10751667827996228
2024-07-22,0.00962704451146056,1.077456187921332,0.1099162507509328
2024-07-23,-0.004705835258852594,1.0676800213434903,0.11112189472294688
2024-07-24,-0.02792176888252551,1.0099467376645217,0.14073139585246505
2024-07-25,-0.004410294441201207,1.0010822807402895,0.1415559488460104
2024-07-26,0.010262556449037497,1.0216185006055554,0.1427725576022169
2024-07-29,0.002829155816806017,1.0273379743459063,0.14250434222309089
2024-07-30,-0.00689308446998023,1.0133633624395415,0.1441340596471544
2024-07-31,0.01874458048107046,1.0511030140244282,0.15252156516840992
2024-08-01,-0.01430716714034756,1.02175754038071,0.15878399842049928
2024-08-02,-0.017047142573170592,0.9872923513414573,0.1666904301663845
2024-08-05,-0.03339467471975888,0.9209273696953446,0.19258020383553986
2024-08-06,0.009654080025710677,0.9394721562459616,0.19505139207879918
2024-08-07,-0.008599705419693198,0.9227932670325492,0.19475920537914873
2024-08-08,0.021039686631819713,0.9632482348286868,0.20372222110026375
2024-08-09,0.0046831856074056035,0.9724424907058011,0.20425913148107894
2024-08-12,0.0017988781306142486,0.9759906743662259,0.20374762796430299
2024-08-13,0.01742220852766656,1.0104167959437587,0.20913162782739492
2024-08-14,0.0017131682092616071,1.0138609780859351,0.2059546746402885
2024-08-15,0.01851979036876488,1.0511572612319222,0.21141347261361054
2024-08-16,0.0031116934466319792,1.057539833839709,0.21064746019081146
2024-08-19,0.010770387604825819,1.0797003353625314,0.21307916581527328
2024-08-20,-0.003428297772567119,1.0725705033352009,0.21297481580937336
2024-08-21,0.0033451863411561905,1.079503637874041,0.21076445455755663
2024-08-22,-0.011822464490063769,1.0549187799583168,0.2075036433569196
2024-08-23,0.01383587167867646,1.0833503725079225,0.21091291130798737
2024-08-26,-0.0022052242274247513,1.0787561177922536,0.2108562577240411
2024-08-27,-0.002351605863150032,1.0738677027175942,0.2092958007284346
2024-08-28,-0.006978583674696544,1.0593950434239288,0.20766989611137535
2024-08-29,-0.0005809210152479909,1.0581986975645061,0.20724923081494376
2024-08-30,0.011229601850577692,1.0813114494675333,0.20802381375051893
2024-09-03,-0.020913958412438916,1.0377829883700365,0.21504840208099046
2024-09-04,-0.0012814218208629928,1.0351717287825557,0.2147025578706418
2024-09-05,0.0024159838534778748,1.0400886708183488,0.19833863960972506
2024-09-06,-0.02163829271754743,0.995944634989429,0.2081421053006715
2024-09-09,0.01347304960302793,1.022836096061539,0.2097199370147313
2024-09-10,0.004487369834949958,1.0319133097400535,0.20996204761754048
2024-09-11,0.012202915675847893,1.0567085765194442,0.2116752545596436
2024-09-12,0.008674782305563122,1.074550075686735,0.20619693141911183
2024-09-13,0.004677698458394728,1.0842541953776377,0.20167324347358787
2024-09-16,0.00025108212245505225,1.084777514344749,0.19424698487311384
2024-09-17,0.003487992048614037,1.0920492017379124,0.16334667197711542
2024-09-18,-0.0018258476227574192,1.088229438676228,0.1626087124658127
2024-09-19,0.01935659665336115,1.128650453640358,0.1661487566764281
2024-09-20,-0.002511427576779469,1.1233045021897614,0.15831807470259437
2024-09-23,0.005093476999154053,1.134119504833865,0.15836800477383073
2024-09-24,0.00354395391821187,1.1416827260149534,0.1583646223001271
2024-09-25,-0.0012813108282379616,1.13893856474746,0.15245977783480932
2024-09-26,0.0006358051002354685,1.1402985127960168,0.1525162565373344
2024-09-27,0.0027944289242610183,1.1462794248667265,0.14437632982426607
2024-09-30,0.0054367146715360816,1.1579481337051156,0.14475131834790297
2024-10-01,-0.007792273180629065,1.141132812337657,0.14456326146514348
2024-10-02,-0.0009382658273901481,1.139123860587937,0.14407812704091663
2024-10-03,-0.0010251831711637074,1.1369308668050273,0.14404153382384943
2024-10-04,0.010796451161357204,1.1600021365436843,0.14151081186969655
2024-10-07,-0.012875241764550863,1.1321915868237378,0.14277928265862452
2024-10-08,0.00789649574230982,1.14902842861088,0.14392151481868246
2024-10-09,0.004730649081604496,1.1591947279730301,0.14388850599196695
2024-10-10,0.00032367157269330086,1.1598935979263842,0.1417407501503327
2024-10-11,0.0022723369523905126,1.164801603962184,0.14159548917904277
2024-10-14,0.006969135455885118,1.1798883995753138,0.13963476855982798
2024-10-15,-0.009087002066299118,1.1600797491840713,0.1266849342136689
2024-10-16,0.006969326978156596,1.1751340512550295,0.1270979425063815
2024-10-17,-2.7787978523011463e-05,1.1750736086767284,0.1272675284197116
2024-10-18,0.0035448244865988426,1.1827838628649205,0.1053782328548683
2024-10-21,1.3998399237059682e-05,1.1828144183448814,0.100888263408862
2024-10-22,0.002274630892748126,1.1877795154539847,0.10072460102547942
2024-10-23,-0.011718888332736925,1.1621411716157302,0.10446363282876987
2024-10-24,0.014133450093036135,1.1926996859588597,0.10874604003847214
2024-10-25,0.002425054341746451,1.1980171018524404,0.10843630366639269
2024-10-28,0.0031001922275287106,1.2048313773875785,0.10839807458089666
2024-10-29,-0.0019367088093909168,1.2005612610357703,0.10884267506961133
2024-10-30,-0.0010336483035593494,1.1982866546214224,0.10864309679350648
2024-10-31,-0.019302690831104516,1.1558538069691222,0.11188726001815431
2024-11-01,0.005149818581520121,1.1669560629632927,0.112329093370588
2024-11-04,-0.004016230775233567,1.1582530673346403,0.1123378284028983
2024-11-05,0.01232648381448592,1.184856738836705,0.11725059624116609
2024-11-06,0.03327994994499259,1.25756866174217,0.15032000869485868
2024-11-07,0.009425928909470093,1.2788483434559992,0.15185708032467482
2024-11-08,0.005228375434521481,1.2907630181539247,0.15211227836858882
2024-11-11,0.004148740808824051,1.300266800170685,0.1519211454457762
2024-11-12,-0.003395671789167141,1.2924558490897877,0.14993596870164191
2024-11-13,0.001747132163906361,1.2964610724380679,0.14963029272069905
2024-11-14,-0.0025864538387637866,1.290521381881689,0.15000981186324802
2024-11-15,-0.006402231581550859,1.2758569335523884,0.14988568101449198
2024-11-18,0.005392761679729131,1.2881300876121955,0.14357667349259634
2024-11-19,0.0059753062360659165,1.3018023655936348,0.1430439488548867
2024-11-20,-0.0011440923375009454,1.299168891144718,0.14320075591670606
2024-11-21,0.0003194454529248161,1.2999033501925,0.14320122094856813
2024-11-22,0.0019827389114487415,1.3044634580574983,0.14320126461757288
2024-11-25,0.00203105857867067,1.3091439583332192,0.14246306257991154
2024-11-26,0.007261706896116098,1.3259122849395721,0.13929082196183132
2024-11-27,-0.0028297701595176193,1.3193304877619947,0.13945727811054698
2024-11-29,0.006868910851999461,1.3352617621187561,0.13994062603378937
2024-12-02,0.0058222863421194815,1.3488583247816144,0.14025659595853768
2024-12-03,0.00045770336428126596,1.3499334051390868,0.14019455772191144
2024-12-04,0.004388416776319381,1.3602458923174323,0.1402989123280389
2024-12-05,0.001379649668255574,1.36350220477977,0.13368702524144382
2024-12-06,0.002449406060209188,1.3692913814034755,0.12945862184363635
2024-12-09,-0.003118925051117794,1.361901739160619,0.130522872484189
2024-12-10,0.0019252555914135768,1.3664490036903074,0.13051505107614397
2024-12-11,0.009765115307499381,1.3895576510806604,0.13154410021992766
2024-12-12,-0.006671299017134752,1.3736161974716192,0.1339581985051176
2024-12-13,-0.00253194699471511,1.367606327073824,0.11800377707226017
2024-12-16,0.0023149749772817586,1.3730872764770536,0.11787316537623196
2024-12-17,-0.00018514171712560835,1.3726479190237977,0.11638829963220275
2024-12-18,-0.027575177462682825,1.3072217316002512,0.14346672915244219
2024-12-19,-0.0008728439655452129,1.305207887034649,0.10830373711001219
2024-12-20,0.008753612019648504,1.3253867825023842,0.10785064492996893
2024-12-23,0.008251271142757607,1.344574179356596,0.10930049758903068
2024-12-24,0.012861867834260056,1.3747297825790992,0.11441941476741846
2024-12-26,-0.0019408287663263257,1.370120838704818,0.1140009644462504
2024-12-27,-0.012031611194973207,1.341604466288418,0.12018621321534675
2024-12-30,-0.00994343918949584,1.3183208646720272,0.12376043714525262
2024-12-31,-0.0054972598979192485,1.305576452352156,0.12335331741206208
2025-01-02,-0.0034010846885227063,1.2977349915818426,0.12293107823609416
2025-01-03,0.015615563875750757,1.3336154191124363,0.12986732114918478
2025-01-06,0.007532200843023357,1.3511926791395674,0.13134468915964403
2025-01-07,-0.01194155795780403,1.3231157754916576,0.13642663803029953
2025-01-08,-0.00045466412797972303,1.3220595380833977,0.13635924835380545
2025-01-10,-0.01311539808192173,1.2916048028715106,0.14164208111819931
2025-01-13,0.0028270200673542606,1.2980832156356739,0.14018345350585032
2025-01-14,-0.0002125351581997619,1.2975947921558824,0.1399883879373159
2025-01-15,0.02410168258160331,1.3529706925375686,0.15566355956658884
2025-01-16,-0.009751949510848814,1.3300246411434355,0.15739592268063513
2025-01-17,0.011454006840971634,1.356712759322725,0.16099331594021887
2025-01-21,0.0060990274943790385,1.3710864152381883,0.16146069842888525
2025-01-22,0.0037599546366066426,1.3800015925989584,0.1617585636396505
2025-01-23,0.006412625887242386,1.3952636524233366,0.1626254812136661
2025-01-24,-0.0008301118533132097,1.39327531567365,0.16232839544106295
2025-01-27,-0.010082633689360295,1.3691447973479245,0.16511298465315866
2025-01-28,0.01079407668641216,1.3947175279717121,0.16566291759557597
2025-01-29,-0.005357600428511096,1.3818875883176878,0.1652378296611785
2025-01-30,0.0012045840900145913,1.3847567722107783,0.1650619946661627
2025-01-31,-0.005848876411267775,1.3708086245791837,0.16588677067165578
2025-02-03,-0.00972327561591815,1.3477565988898044,0.1682758495813952
2025-02-04,0.009969830082331007,1.371163333255407,0.14952766495698702
2025-02-05,-0.0032538258283650607,1.3634479807583881,0.14993916555681383
2025-02-06,0.005215680974373795,1.3757749714255518,0.14866898305079534
2025-02-07,-0.011150232968356245,1.3492845270137668,0.15078944770341382
2025-02-10,0.005349664834111613,1.361852411833255,0.14678794514838603
2025-02-11,0.0008610499995493822,1.3638860848513996,0.14671385743262694
2025-02-12,-0.004237572428163409,1.3538689463549143,0.14286989220442586
2025-02-13,0.013249615266573023,1.3850568042820508,0.14434818521976145
2025-02-14,0.00027100457796877883,1.3857031655947267,0.14305917364766085
2025-02-18,-0.0026782348874320287,1.379313692145574,0.14287331486200544
2025-02-19,0.003560954175434024,1.387786319172287,0.13643276285127834
2025-02-20,-0.004576691489992297,1.3768581578454113,0.1357533439908434
2025-02-21,-0.017834542099981077,1.334467980963634,0.14136606502154359
2025-02-24,-0.007792335111595127,1.3162770241486763,0.1432487822173895
2025-02-25,-0.009408298709814076,1.2944847980108065,0.14068934544363945
2025-02-26,-0.002335884945613164,1.2891251455131947,0.1406090013095738
2025-02-27,-0.01595472646199267,1.2526027799792625,0.14793724588779616
2025-02-28,0.01973528110059878,1.2970585290501435,0.14202039483861006
2025-03-03,-0.021917514542551548,1.2467127153345952,0.15268792011386442
2025-03-04,-0.012036250762239785,1.2196707177021153,0.15098252486525782
2025-03-05,0.009791917264228909,1.241405549723686,0.15305861065111104
2025-03-06,-0.016775367338920474,1.2038051482715764,0.15803449573686376
2025-03-07,0.006144292626990324,1.217345971995425,0.15790466869589198
2025-03-10,-0.03141759337750462,1.1476822978700252,0.17858816358506538
2025-03-11,-0.006138868010922626,1.1344979597140061,0.17769643974625182
2025-03-12,0.009604543438311419,1.1549988380870664,0.17690187393792875
2025-03-13,-0.016032710023941812,1.120448366614085,0.18057009067428323
2025-03-14,0.02277808925470273,1.1687481287688093,0.19594224777965163
2025-03-17,-0.001884496634253489,1.164661130219601,0.19579332543473313
2025-03-18,-0.013716473835174003,1.1349696124649258,0.19732906239296596
2025-03-19,0.012895538745953238,1.1625011958239,0.19918473445544413
2025-03-20,0.0008534242107141214,1.1643467267001144,0.19949283688084324
2025-03-21,0.006602987083271621,1.1786378801802364,0.2000202175169833
2025-03-24,0.02258616397647966,1.2278449525873576,0.21136776905867583
2025-03-25,0.00520367449187081,1.2394379325389795,0.21132598656116422
2025-03-26,-0.012855894052239298,1.2106479557416927,0.2136160710445573
2025-03-27,-0.001962339912242735,1.2063099130262231,0.21352405168881286
2025-03-28,-0.021999348019769382,1.1577725334100921,0.21597639834620516
2025-03-31,0.004141110527495325,1.166708107964137,0.2168132098486463
2025-04-01,0.004468368928220157,1.1763897591502865,0.21792455295940616
2025-04-02,0.00621496913816837,1.1899159543360311,0.2187399645081464
2025-04-03,-0.04918086172831478,1.0822140005892003,0.25680023254716855
2025-04-04,-0.058545126409223325,0.9603105187136507,0.29910269066851874
2025-04-07,-0.0033536697633684154,0.9537362846002277,0.29910064598195607
2025-04-08,-0.015556915530477698,0.9233421742518728,0.30033014649115886
2025-04-09,0.10487296870281529,1.1250487778969944,0.4393080256556908
2025-04-10,-0.03652680031531484,1.047427545526447,0.4488817039433353
2025-04-11,0.017313123856993295,1.0828749122103662,0.4478788047879572
2025-04-14,0.0033097691648375765,1.089768747369014,0.44451667107169673
2025-04-15,-0.002746000183829227,1.0840302420045784,0.4435156117024558
2025-04-16,-0.026033480217066102,1.029775681927585,0.4475635496050069
2025-04-17,-0.006992269645850507,1.015582943038957,0.44582746058290734
2025-04-21,-0.027675124514658783,0.9598014341207313,0.45081151834139127
2025-04-22,0.026466446278384063,1.0116704134931878,0.4511299154856148
2025-04-23,0.019296206280195592,1.0504880207597185,0.4550087015575706
2025-04-24,0.017834410399310656,1.0870572656408175,0.4572868332820403
2025-04-25,0.01380062789303739,1.1158599663553863,0.45675412376726193
2025-04-28,-0.0010655217511283605,1.113605471538893,0.45176730457564107
2025-04-29,0.004197005635214381,1.1224762856135615,0.451946170750021
2025-04-30,-0.004325931957100434,1.113294597621438,0.45033529840359493
2025-05-01,0.011176674347818412,1.1369142031400563,0.4499363363074162
2025-05-02,0.012845871849791699,1.1643647291475934,0.4514775740336252
2025-05-05,-0.00833725251110614,1.1463198738745581,0.4517655659337595
2025-05-06,-0.005815188014421111,1.133838620268889,0.4468366782952367
2025-05-07,0.005438231453703503,1.1454429285707626,0.4468657704933437
2025-05-08,0.009170495343609477,1.1651177029572009,0.4463700968459176
2025-05-09,0.003257208078211272,1.172169941829551,0.446459447245193
2025-05-12,0.0377254291426245,1.2541159850557806,0.45453819788670735
2025-05-13,0.005946065439185367,1.267519106210436,0.4546474896798448
2025-05-14,0.00860024817942515,1.287020333275434,0.45500741817323176
2025-05-15,-0.0038956910648646394,1.278110808597929,0.4551455678682213
2025-05-16,0.007827374923541785,1.2959424360141978,0.4289981605181072
2025-05-19,0.0008233736671621288,1.297832854557332,0.3866764845793184
2025-05-20,-0.003330040051641886,1.2901809791196777,0.3866717434871873
2025-05-21,-0.015966666563724956,1.2536144230554886,0.3868682144130279
2025-05-22,-0.000752240966405435,1.251919161963984,0.24718207292674374
2025-05-23,-0.007664445123068596,1.2346594511255242,0.22078256563915555
2025-05-27,0.02239210110251882,1.284698171484826,0.22410661135399204
2025-05-28,-0.005142426861518422,1.2729492782373204,0.22540037953993386
2025-05-29,0.00699060935189137,1.2888385787181411,0.2250465733418659
2025-05-30,-0.0021192901607900256,1.2839878656386272,0.20806023384960015
2025-06-02,0.003310476520304111,1.2915489538404832,0.2054464893537878
2025-06-03,0.0039705913959776065,1.3006477584000637,0.18165329126907878
2025-06-04,-0.001589908866875143,1.296989938129427,0.17131460794697462
2025-06-05,-0.01263270837854103,1.267972734092595,0.17232017122197765
2025-06-06,0.016616079444185854,1.305657549219525,0.17146880671724382
2025-06-09,0.0052086925511991965,1.317667010521761,0.1687183379910516
2025-06-10,0.01136230773505715,1.344001056322699,0.1698957919304854
2025-06-11,-0.0029194340819327837,1.337157899750784,0.17089460455769795
2025-06-12,0.002513101950073374,1.3430314158262773,0.16939521604019586
2025-06-13,-0.00880303539611773,1.3224056273385427,0.1714130614563933
2025-06-16,0.008733633061790076,1.3426886659083537,0.16973208996212408
2025-06-17,-0.007988368405779676,1.3239744057850333,0.1695378971067336
2025-06-18,-0.0011691352009859518,1.3212573655010398,0.16803613104566673
2025-06-20,-0.0033472456723095557,1.3134875468300495,0.168793976862642
2025-06-23,0.009952486352988262,1.336512500067684,0.16907464270544145
2025-06-24,0.0068070074972518164,1.352417158173067,0.1695075687639432
2025-06-25,0.0016929005634932816,1.3563995665057096,0.13309709373090028
2025-06-26,0.008869014482270175,1.3772985083870637,0.13420780818781056
2025-06-27,0.007336583221335373,1.394739756735802,0.1336849588935341
2025-06-30,0.0004113620550712984,1.3957248618034934,0.13273433291493622
2025-07-01,0.0010366440137220898,1.3982083756400074,0.13146925165047266
2025-07-02,0.006805913172659896,1.414530373614559,0.13234740459206232
2025-07-03,0.007851865661591814,1.4334889417440135,0.13263225070972243
2025-07-07,-0.011249314756032693,1.40611385868301,0.1276731380638149
2025-07-08,-0.002279687751856279,1.4006286703897985,0.12805790248018803
2025-07-09,0.005916200341408669,1.4148312705491541,0.12501221349439348
2025-07-10,0.006922684397645996,1.4315483853087323,0.1110042669609327
2025-07-11,1.1696856889078361e-05,1.431576826782214,0.10906947395765079
2025-07-14,-0.0013458104381208504,1.4283043853076376,0.1086120427664917
2025-07-15,-0.0032132955551043693,1.4205015256198879,0.10901778282246759
2025-07-16,0.0049958068926409145,1.432593883825228,0.10930827784979875
2025-07-17,0.0046450143127779765,1.4438933172327726,0.1094304866515957
2025-07-18,0.0010137657070438631,1.4463708524694572,0.1089394154373568
2025-07-21,0.0037477527137688947,1.4555392454706846,0.09960117642244946
2025-07-22,0.002257521780104335,1.4610826787992357,0.09040115893206008
2025-07-23,0.006299735443801992,1.476586848580994,0.09077201886680927
2025-07-24,-0.0033407685466545108,1.4683131451341964,0.087872791022257
2025-07-25,0.0034926880135775894,1.4769341928699622,0.08687858363813429
2025-07-28,0.00293891769083765,1.4842136985884284,0.08691121688887873
2025-07-29,-0.006304918731297576,1.468550933107652,0.08448907860470477
2025-07-30,-0.0015254975787435576,1.4647851646361914,0.08264887842936447
2025-07-31,-0.0012201129003331058,1.4617778484602693,0.07794272548304451
2025-08-01,-0.021057660581294522,1.4099385661008434,0.10232396921507994
2025-08-04,0.013833234618310986,1.4432758117014322,0.10756747717117474
2025-08-05,-0.001361184186798841,1.4399500633025561,0.10512618061001162
2025-08-06,0.008535777329146746,1.4607769337371446,0.10600509443807382
2025-08-07,0.0006387107453896352,1.4623486584067291,0.10603451665805722
2025-08-08,0.012066365095487265,1.492060256311448,0.10834803540307338
2025-08-11,-0.00030044736519676987,1.4913115233735277,0.10708503777105909
2025-08-12,0.010294492618079704,1.5169583114602334,0.11012742541893634
2025-08-13,0.0042434005090618634,1.5276387736403714,0.11035905232903936
2025-08-14,0.001783335368930768,1.532146401265285,0.10932548209709367
2025-08-15,0.0035630717060663192,1.5411686204632513,0.1078948512753823
2025-08-18,0.001286075404794469,1.544436754925465,0.10095034567701483
2025-08-19,-0.005834345067925972,1.529591632893716,0.10273445455831816
2025-08-20,-0.004400725416088561,1.5184595947025157,0.10346174792302429
2025-08-21,-0.00264084219698743,1.5118087403334175,0.10275397948726227
2025-08-22,0.020506820476863172,1.563317951243651,0.11703823748749691
2025-08-25,-0.0014901562640915094,1.559498206941747,0.11707255024987362
2025-08-26,0.0021391294682016415,1.564973304980025,0.11611193963135567
2025-08-27,0.0020252899269271106,1.570168119577438,0.11575572233524797
2025-08-28,0.000865568839538663,1.57239277701412,0.11548384602545506
2025-08-29,-0.005283622812550456,1.558801223854648,0.11725438811579054
2025-09-02,-0.00567150488763718,1.5442889702070643,0.11886982899725125
2025-09-03,0.007229880021686237,1.5626838742021611,0.12011716404659127
2025-09-04,0.009134469145927625,1.586092630981827,0.12140079915462997
2025-09-05,-0.005596595266109566,1.5716193172055535,0.1223501685804766
2025-09-08,0.00015227688518246445,1.5720109153850528,0.12223580184564796
2025-09-09,0.008292445247734724,1.593339175077459,0.12383949858344563
2025-09-10,-0.0017799996782300747,1.5887230321802797,0.12205452970058202
2025-09-11,0.011121926702697665,1.617514619997774,0.1247029319934106
2025-09-12,0.006486770510350627,1.6344938366451869,0.12495457286483208
2025-09-15,0.008174955752005705,1.6560307071886928,0.1045410626337783
2025-09-16,0.0013153820928213603,1.6595244024189126,0.09973172482705844
2025-09-17,0.0016212112895238225,1.6638360534048782,0.09900941338083928
2025-09-18,-0.00021094640998778758,1.6632741267526163,0.09796068735723226
2025-09-19,0.0063613700070745335,1.680216198903158,0.09833911469816706
2025-09-22,0.004808169844033541,1.6931031336062148,0.09460624482751809
2025-09-23,-0.00687131221341883,1.67459798115227,0.09820893141235269
2025-09-24,0.0024745358347851446,1.6812163697002749,0.09531038635823995
2025-09-25,-0.004219843320916821,1.6699020567106624,0.09682159564835298
2025-09-26,0.0061894544934663915,1.6864272939926854,0.09763603042336262
2025-09-29,0.0028385138257657166,1.694052755008598,0.09755724584441565
2025-09-30,0.0011420517105286446,1.6971295025657103,0.09756687978162475
2025-10-01,0.0028391718733999792,1.704787116788312,0.09474125798343314
2025-10-02,-0.0023452022912735376,1.698443843844613,0.09366827443114785
2025-10-03,0.0017885947081096466,1.7032702662238441,0.09250211049589256
2025-10-06,0.005562943170032952,1.7183084050880875,0.07581275846386011
2025-10-07,-0.0035465325263200997,1.7086678359128733,0.07685538170423183
2025-10-08,0.004464758170595897,1.7207613827646955,0.07721265867932467
2025-10-09,-0.0015782864571548183,1.7164672419211282,0.07789713658847411
2025-10-10,-0.025641167612619514,1.6468138500568386,0.11147807766791581
2025-10-13,0.015849100648023653,1.6887634691629727,0.1178137060825688
2025-10-14,-0.0019361757165393657,1.6835575506264613,0.11627579278804595
2025-10-15,0.00543088791561272,1.6981316508990094,0.11566160152425756
2025-10-16,-0.005900078242472285,1.6822124630502144,0.11552182207810259
2025-10-17,0.007404544539701826,1.702073024697813,0.11497712900937211
2025-10-20,0.011693384951769812,1.7336694047433974,0.11846058317629123
2025-10-21,-0.0007378498490610995,1.7316523671857245,0.11721747519603518
2025-10-22,-0.004955949290030607,1.7181144365759597,0.11840632659956041
2025-10-23,0.0050258013736679185,1.73177513984509,0.11545192701077685
2025-10-24,0.00615744681932384,1.7485958999910367,0.11533098590552109
2025-10-27,0.015081389964528192,1.7900485466137046,0.12045871161638225
2025-10-28,0.0052759416091201945,1.8047686798322489,0.12090344314677591
2025-10-29,0.0037488164300004457,1.8152832427415544,0.12103294868891175
2025-10-30,-0.012939050381476653,1.7788561510255945,0.12833869402423573
2025-10-31,0.0055877730927843365,1.7943837686550133,0.12810074386354287
2025-11-03,0.0007867750484401744,1.7965823200799576,0.12770693034460578
2025-11-04,-0.011447543290279548,1.7645683229060118,0.13089681788832136
2025-11-05,0.0013266614321808786,1.7682359690766405,0.13083711837784467
2025-11-06,-0.010998654527290383,1.7377890980027475,0.13465094264959182
2025-11-07,-0.00019092310092853448,1.7372663908184687,0.13372818454620045
2025-11-10,0.01577596124754308,1.7804493993242225,0.14063826170241078
2025-11-11,0.004412797291077042,1.792718958901537,0.14096770614021834
2025-11-12,-0.0028543426269749465,1.7847475821319834,0.1413576283612951
2025-11-13,-0.020686422835641285,1.7271411161574717,0.154522679103391
2025-11-14,-0.001964410580781216,1.7217838912936085,0.15461214866209916
2025-11-17,-0.005173443808390332,1.7077028952734192,0.1545517331252957
2025-11-18,-0.013010800181774584,1.6724735139514042,0.1587706637730323
2025-11-19,0.0030979472327141667,1.6807526958784518,0.15845587154163593
2025-11-20,-0.011270578309393143,1.6505390626914367,0.16151843555674608
2025-11-21,0.008344138557041013,1.6726555278813837,0.14525610485649604
2025-11-24,0.013803343334942911,1.7095471097487636,0.14347108295876768
2025-11-25,0.008498951402797337,1.7325754189581084,0.1452369850730255
2025-11-26,0.006270156799784959,1.7497090953022139,0.1454974861452143
2025-11-28,0.005909460394361525,1.765958392296918,0.14488667942744973
2025-12-01,-0.0024160744471653827,1.7592756309033666,0.14394582311355786
2025-12-02,0.0009339161785580194,1.761852563056168,0.14015823760954105
2025-12-03,0.004828627900863542,1.7751885214002128,0.1407000248042967
2025-12-04,0.0007769019823952356,1.7773445708640092,0.13972284537571186
2025-12-05,0.0003347940262445549,1.7782744092351574,0.13913751112896136
2025-12-08,-0.006570740102750957,1.7600190901579493,0.13960928914713758
2025-12-09,-0.0026013065504219115,1.7528394344194318,0.1324255911972235
2025-12-10,0.00786957296438309,1.7745031052078266,0.13360204875493575
2025-12-11,0.004582988086646607,1.787218619885358,0.1338448529982326
2025-12-12,-0.0029993957242868807,1.778858648274221,0.12868923000286211
2025-12-15,0.0001963714642835584,1.77940433681602,0.12761073977285908
2025-12-16,-0.001531915556646947,1.7751465240742395,0.1276401172808981
2025-12-17,-0.010599229636410856,1.7457321087908895,0.12701413811406345
2025-12-18,0.007737701583968575,1.7669777644782343,0.1290255505935998
2025-12-19,0.004448614434292812,1.7792869817006594,0.125278616605936
2025-12-22,0.005680205187824556,1.795073902032569,0.12613699567969608
2025-12-23,0.0062236386232992855,1.8124694319242347,0.11907464797924704
2025-12-24,0.003622882545441196,1.82265867833874,0.11886567606917071
2025-12-26,-0.0009755928694543976,1.8199049126592493,0.11854536658462171
2025-12-29,-0.00499613981849491,1.805816273440743,0.10177727976087263
2025-12-30,4.320161352026035e-05,1.8059374892309972,0.10144034765200248
2025-12-31,-0.0057580898727239834,1.7897806489907597,0.10176492783626385
2026-01-02,-0.00044700886800256884,1.7885335923008792,0.09284032321494555
2026-01-05,0.009726163844410364,1.8156553269052398,0.09581218518077907
2026-01-06,-0.0016389828598409172,1.8110405160852223,0.08829222657081771
2026-01-07,-0.006361834781964608,1.7931571407564797,0.08935730587917673
2026-01-08,0.006590305490023726,1.8115648995957065,0.08293211945013158
2026-01-09,0.006473631242888523,1.8297659339711383,0.08158980435881828
2026-01-12,-0.0008940596459321743,1.8272359544421413,0.08033721244886692
2026-01-13,-0.0038209805493005975,1.8164331408519345,0.08005592207372558
2026-01-14,-0.006022031628168719,1.7994724913991016,0.08190327745959619
2026-01-15,0.0015115833953920303,1.8037041275329573,0.08194727374980253
2026-01-16,-0.001229290470460913,1.800257560766989,0.08105184831840781
2026-01-20,-0.0178978673186278,1.7501389224863972,0.09668567767354422
2026-01-21,0.010317095617163999,1.778512368710174,0.10147427383708034
2026-01-22,0.012217720835312489,1.8124594571685377,0.105400844674526
2026-01-23,0.004150230949689507,1.8241318134524254,0.10540808324221707
2026-01-26,0.0043428078765349225,1.8363964753362594,0.10385838869497525
2026-01-27,-0.0026872920625463904,1.828774249601854,0.10366806512193902
2026-01-28,0.0024916769886600206,1.8358226413057008,0.10327172253774293
2026-01-29,0.0023397209393404765,1.8424576749198196,0.10336820151441566
2026-01-30,-0.0008146799410330319,1.8401419816688271,0.10325033015328798
2026-02-02,0.0004369016927834253,1.8413828445083635,0.0974617192231514
2026-02-03,-0.0019196591122107095,1.8359283580396237,0.09580332293070422
2026-02-04,-0.003631206997979937,1.8256305151401406,0.09601931966473753
2026-02-05,-0.014234167131757779,1.7854100181350412,0.10383668639414177
2026-02-06,0.01646273666319123,1.8312654897626133,0.11307982435977648
2026-02-09,0.004488168143342254,1.8439726853391099,0.113331852510976
2026-02-10,-0.0007910774349691543,1.8417228827220695,0.11331541397103528
2026-02-11,0.0006690257633037103,1.8436240685427805,0.11220671187334172
2026-02-12,-0.016575398152097087,1.7964898674117977,0.12261170702236349
2026-02-13,-0.0038162594631983068,1.7858177364915493,0.12195819522691971
2026-02-17,0.0005269610578604226,1.7872857539529772,0.12196114760395317
2026-02-18,0.005552533537675991,1.8027622515808877,0.11965094392930097
2026-02-19,-0.0012443074591806627,1.7992747536049354,0.11961302303276593
2026-02-20,0.007519271082428384,1.8203232593114889,0.1200756726162833
2026-02-23,-0.010974177185200508,1.7893725321442622,0.12290189647828179
2026-02-24,0.006970797057176578,1.8088166819827025,0.1231459230214822
2026-02-25,0.00989411987483208,1.8366074509406678,0.1265539046474734
2026-02-26,-0.008508420922081837,1.812472400757351,0.12854269763757648
2026-02-27,-0.004994741093331658,1.798424829283427,0.12815945293043793
2026-03-02,0.001086222532447572,1.8014645413883552,0.12812233218345928
2026-03-03,-0.007208069573250032,1.781271390067035,0.12978381780837148
2026-03-04,0.006280511247131388,1.7987391963136758,0.11964681283256715
2026-03-05,-0.006051737371686767,1.7818019617257397,0.11749479064479915
2026-03-06,-0.012844454752251998,1.7460712322986276,0.11742360125743793
2026-03-09,0.0070449379214807244,1.7654171336581355,0.11876947684716366
2026-03-10,0.0012656213322578453,1.7689171045750847,0.11797240316379398
2026-03-11,0.0009430500390829717,1.771528331958772,0.11793039206122716
2026-03-12,-0.013965675977716484,1.732822065311575,0.12362361786802024
2026-03-13,-0.006680538976951913,1.7145653409871868,0.12414052428869966
2026-03-16,0.01056933357951784,1.7432564875994778,0.1289798905053142
2026-03-17,0.0024521047860796463,1.7499832399621646,0.12932363842143174
2026-03-18,-0.014441265730259127,1.710270001240112,0.13501607806515578
2026-03-19,-0.005545146876325866,1.6952411560087355,0.13539515927004606
2026-03-20,-0.013824226738604225,1.6579815311528532,0.13506594523736853
2026-03-23,0.011364386130740202,1.6881878596012503,0.129874413963632
2026-03-24,-0.0032648111706207114,1.6794114338484971,0.1286048183507602
2026-03-25,0.005156974150125896,1.6932290893504054,0.13021713393508416
2026-03-26,-0.01775521895298179,1.645410217178449,0.13795579513743705
2026-03-27,-0.01832657795574497,1.596928900608404,0.13960632243140209
2026-03-30,0.0010755931896309137,1.599722139647854,0.13990301418718976
2026-03-31,0.030331753902094246,1.6785762718014783,0.1687619327622599
2026-04-01,0.004502664544643054,1.6906370022106412,0.1684201627491205
2026-04-02,-0.0032625463513879047,1.6818586742761696,0.16851531757620392
2026-04-06,0.004166164245324564,1.6930317379959527,0.16725328511029372
2026-04-07,0.0020965361319869834,1.6986777763392489,0.16508523761487032
2026-04-08,0.020121809028307062,1.7529800551836838,0.17475381942679677
2026-04-09,0.009474399566320386,1.7790628882246051,0.17453867810696846
2026-04-10,0.00011440877380028346,1.7793808374019608,0.17293603903449714
2026-04-13,0.008430495715911935,1.8028123956445663,0.17416710426249274
2026-04-14,0.01357476542750032,1.8408599164527315,0.17848279586136984
2026-04-15,0.011636231916646655,1.8739168212832813,0.17973850863097163
2026-04-16,0.002010792714288888,1.8796956722889901,0.1791052886814565
2026-04-17,0.012484671712824377,1.9156477273903594,0.18080166758097554
2026-04-20,-0.003963270341379303,1.9040922272264833,0.17640195298066866
2026-04-21,-0.004891122519665376,1.8898879563347104,0.1767839624626352
2026-04-22,0.009655043863499744,1.9177899513137215,0.17834088429225245
2026-04-23,-0.0029027839505747152,1.9093202374718996,0.17885056306041539
2026-04-24,0.007566315117535572,1.9313330711664354,0.173283768048193
2026-04-27,0.0028283758361996652,1.9396239827927757,0.1711331500694509
2026-04-28,0.002826789218581413,1.9479336801740175,0.16950860320848823
2026-04-29,0.00047532106330505175,1.9493348951454306,0.1696058373992337
2026-04-30,0.0037812446130853004,1.960487051829884,0.1619410283650872
2026-05-01,0.0025689631520361086,1.9680924339781147,0.15991626747643334
2026-05-04,-0.005782829875644273,1.9509284603772326,0.15403773442683666
2026-05-05,0.0031396122993443505,1.9601932316659183,0.15223971349216822
2026-05-06,0.014359720614543669,2.0027007794377036,0.15423001201315167
2026-05-07,-0.0007336622698840596,2.0004978111680787,0.15474027279269817
2026-05-08,0.0026345216035360652,2.008402687472964,0.14089148629161088
2026-05-11,0.001819843949449566,2.01387751090127,0.12379794110548376
2026-05-12,0.0020457010565892403,2.0200430033097514,0.12356209865501688
2026-05-13,0.006723658561785744,2.0403487413059165,0.0978315889084421
2026-05-14,0.005791042449943436,2.057955529929451,0.09793170665578842
2026-05-15,-0.008857930215135153,2.0308683732443495,0.10289966298503325
2026-05-18,-0.0017035309883011618,2.025705195049066,0.10426726017270842
2026-05-19,-0.006221777418933049,2.0068799307901615,0.10823669129082886
2026-05-20,0.006677502969732016,2.02695838045764,0.09685531042496523
2026-05-21,0.000965610473968443,2.0298812431740765,0.0951793662075857
2026-05-22,0.001190450743042065,2.0334881675513423,0.09495636559151086
2026-05-26,-0.0031743372225565055,2.023858853146899,0.0950796515887217
2026-05-27,0.004954754340044865,2.0388413309232116,0.08951427146085651
2026-05-28,0.001927981696173686,2.0447001613868077,0.08498889820512846
2026-05-29,-0.0038393746330866165,2.0330104168218246,0.08662210666316418
2026-06-01,-0.005620621878162263,2.015963012116342,0.08293110513646429
2026-06-02,-0.0009913368628439762,2.0129731768054566,0.08178083277291791
2026-06-03,-0.007108219656846087,1.9915563016445383,0.0834604932719339
2026-06-04,0.01209180093259629,2.027729604922678,0.08587789314280757
2026-06-05,-0.016111780147509996,1.9789474911820566,0.09896179356483126
2026-06-08,-0.0002282259323469273,1.978267618113469,0.0968927122766254
2026-06-09,-0.0016867230630762972,1.973244105433984,0.09685284460064908
2026-06-10,-0.013041354184294843,1.9344689759786524,0.10404582596532519
2026-06-11,0.0069245723573322085,1.954788918733163,0.10603283432871269
2026-06-12,0.004281162082341429,1.9674388490133663,0.10619411895262343
2026-06-15,0.012127589726781336,2.003426729913513,0.11160131321385067
2026-06-16,0.0026510793943548853,2.011389052629641,0.11019707170123712
2026-06-17,-0.017032643682436604,1.9600971359070098,0.12126870767178567
2026-06-18,0.006751981534423353,1.9800836571087532,0.11531375976678034
2026-06-22,-0.008218449561667047,1.9555919898832568,0.11761731202606492
2026-06-23,-0.004333125553177147,1.942785038707128,0.11774967515302123
2026-06-24,-0.0028782276286803813,1.9343150335034536,0.11766044546090058
2026-06-25,-0.010522708871342892,1.9034380906690922,0.12056182300524478
2026-06-26,0.009821233210008927,1.9319534332683763,0.122665468060818
2026-06-29,0.012569021879885968,1.9688052201219333,0.12749094115243229
2026-06-30,0.004659166718091963,1.982637378596023,0.12622229756279582
2026-07-01,0.010630089060601611,2.0143430795659785,0.1302026550989496
2026-07-02,0.004417006569747081,2.027657452751893,0.12950005663909184
2026-07-06,0.004709804526330015,2.0419171275270407,0.12877650644626837
2026-07-07,0.004234671541365441,2.054798647418172,0.12929373678571227
2026-07-08,-0.00713363775543811,2.0330068204516882,0.13103755176683293
2026-07-09,0.004501688294541389,2.04666047175258,0.13129590294864363
2026-07-10,0.008300566841537531,2.071949480641832,0.132681072825425
2026-07-13,-0.0014890608738624407,2.067375160863726,0.13270763165497193
2026-07-14,0.004182506588780065,2.0802044776842994,0.13257975591624363
2026-07-15,0.010698883019569647,2.113159225067398,0.13440538790949585
2026-07-16,-0.0010037907301203388,2.1100342646958867,0.13440707066078678
2026-07-17,-0.011616090922472856,2.073907823905173,0.13739870619511088
